date,temp
1/1/2009,47.4
1/2/2009,52.5
1/3/2009,67
1/4/2009,56.8
1/5/2009,41.1
1/6/2009,46.6
1/7/2009,50.8
1/8/2009,54.8
1/9/2009,66.8
1/10/2009,60.3
1/11/2009,46.7
1/12/2009,40.2
1/13/2009,46.5
1/14/2009,41.2
1/15/2009,41.1
1/16/2009,42.7
1/17/2009,52.5
1/18/2009,59.4
1/19/2009,58
1/20/2009,49.7
1/21/2009,44.8
1/22/2009,56.9
1/23/2009,66.7
1/24/2009,51.6
1/25/2009,42.8
1/26/2009,56.6
1/27/2009,57.3
1/28/2009,36.2
1/29/2009,36.6
1/30/2009,44.2
1/31/2009,46.9
2/1/2009,56.5
2/2/2009,55.5
2/3/2009,45.8
2/4/2009,50.4
2/5/2009,52.3
2/6/2009,63.3
2/7/2009,67.9
2/8/2009,64.3
2/9/2009,65.8
2/10/2009,68.4
2/11/2009,63.1
2/12/2009,54
2/13/2009,67.4
2/14/2009,55.7
2/15/2009,56.4
2/16/2009,55.2
2/17/2009,57
2/18/2009,68.9
2/19/2009,58.9
2/20/2009,48.7
2/21/2009,56.1
2/22/2009,47.3
2/23/2009,45.6
2/24/2009,60.4
2/25/2009,69.6
2/26/2009,74.2
2/27/2009,74.8
2/28/2009,59.4
3/1/2009,47.2
3/2/2009,45.4
3/3/2009,52.4
3/4/2009,61.3
3/5/2009,69.6
3/6/2009,72.8
3/7/2009,72.3
3/8/2009,74.8
3/9/2009,75
3/10/2009,73.8
3/11/2009,60.5
3/12/2009,43.9
3/13/2009,42.1
3/14/2009,44.5
3/15/2009,51.5
3/16/2009,56.4
3/17/2009,63.7
3/18/2009,65.7
3/19/2009,67.5
3/20/2009,64
3/21/2009,64.6
3/22/2009,71.1
3/23/2009,71.8
3/24/2009,71.5
3/25/2009,66.9
3/26/2009,59.3
3/27/2009,63.8
3/28/2009,52.7
3/29/2009,51.9
3/30/2009,65.7
3/31/2009,67.8
4/1/2009,55.6
4/2/2009,67.1
4/3/2009,57.1
4/4/2009,67
4/5/2009,69.1
4/6/2009,56
4/7/2009,51.4
4/8/2009,63.6
4/9/2009,-99
4/10/2009,69
4/11/2009,62.5
4/12/2009,68.1
4/13/2009,62.7
4/14/2009,59.7
4/15/2009,65.8
4/16/2009,69
4/17/2009,66
4/18/2009,67.2
4/19/2009,69.2
4/20/2009,66.4
4/21/2009,71.2
4/22/2009,76
4/23/2009,74.7
4/24/2009,73.3
4/25/2009,76.3
4/26/2009,76.4
4/27/2009,70.7
4/28/2009,68.5
4/29/2009,76.3
4/30/2009,76.9
5/1/2009,78
5/2/2009,78
5/3/2009,75.5
5/4/2009,69
5/5/2009,77.2
5/6/2009,80
5/7/2009,80.8
5/8/2009,81.9
5/9/2009,80.8
5/10/2009,79.5
5/11/2009,81.1
5/12/2009,81.1
5/13/2009,81.7
5/14/2009,80.5
5/15/2009,80.2
5/16/2009,73.8
5/17/2009,66.8
5/18/2009,65.7
5/19/2009,65.1
5/20/2009,68.1
5/21/2009,68.8
5/22/2009,75.3
5/23/2009,73.3
5/24/2009,71.5
5/25/2009,74.2
5/26/2009,79.2
5/27/2009,76.6
5/28/2009,76.8
5/29/2009,78.2
5/30/2009,79.4
5/31/2009,77.9
6/1/2009,76.9
6/2/2009,79.8
6/3/2009,80.1
6/4/2009,77.9
6/5/2009,74.3
6/6/2009,79
6/7/2009,79.1
6/8/2009,81.8
6/9/2009,81
6/10/2009,85.5
6/11/2009,85.1
6/12/2009,82.4
6/13/2009,85.7
6/14/2009,85.4
6/15/2009,86.3
6/16/2009,86.8
6/17/2009,86.8
6/18/2009,86.1
6/19/2009,85.8
6/20/2009,86.8
6/21/2009,87.1
6/22/2009,86.4
6/23/2009,87.4
6/24/2009,88.8
6/25/2009,90.9
6/26/2009,88.7
6/27/2009,89.4
6/28/2009,90.1
6/29/2009,89.9
6/30/2009,84.3
7/1/2009,81.9
7/2/2009,85.6
7/3/2009,87.4
7/4/2009,90.3
7/5/2009,88.1
7/6/2009,86.5
7/7/2009,86.9
7/8/2009,88.6
7/9/2009,89.5
7/10/2009,89.2
7/11/2009,87.5
7/12/2009,88
7/13/2009,89.5
7/14/2009,89.1
7/15/2009,87.5
7/16/2009,88.8
7/17/2009,89.4
7/18/2009,86.2
7/19/2009,86.9
7/20/2009,87.6
7/21/2009,84.6
7/22/2009,88
7/23/2009,81.6
7/24/2009,85.7
7/25/2009,86.5
7/26/2009,88.6
7/27/2009,89.2
7/28/2009,89.3
7/29/2009,87.7
7/30/2009,85.7
7/31/2009,85.2
8/1/2009,86.6
8/2/2009,87.1
8/3/2009,84.9
8/4/2009,87.6
8/5/2009,88.2
8/6/2009,89.5
8/7/2009,89.7
8/8/2009,88.3
8/9/2009,87.9
8/10/2009,87.3
8/11/2009,88.2
8/12/2009,87.9
8/13/2009,80.7
8/14/2009,84.9
8/15/2009,86.2
8/16/2009,86.7
8/17/2009,87.2
8/18/2009,86.8
8/19/2009,86.5
8/20/2009,88.1
8/21/2009,88.4
8/22/2009,86.3
8/23/2009,86.4
8/24/2009,88.2
8/25/2009,87.6
8/26/2009,87.5
8/27/2009,85.1
8/28/2009,81.1
8/29/2009,82.6
8/30/2009,80.9
8/31/2009,79
9/1/2009,78.4
9/2/2009,80.5
9/3/2009,85.1
9/4/2009,82.3
9/5/2009,77.5
9/6/2009,79.3
9/7/2009,81.3
9/8/2009,81.4
9/9/2009,78.6
9/10/2009,75.8
9/11/2009,74.4
9/12/2009,73.1
9/13/2009,74.7
9/14/2009,74.8
9/15/2009,76.6
9/16/2009,76
9/17/2009,76.5
9/18/2009,76.9
9/19/2009,77.2
9/20/2009,78.6
9/21/2009,82
9/22/2009,72.7
9/23/2009,64.6
9/24/2009,61.5
9/25/2009,67.8
9/26/2009,74.4
9/27/2009,78.2
9/28/2009,79.8
9/29/2009,72.4
9/30/2009,73.6
10/1/2009,81.2
10/2/2009,75.5
10/3/2009,67.2
10/4/2009,75.3
10/5/2009,72.4
10/6/2009,81.1
10/7/2009,73.8
10/8/2009,82.8
10/9/2009,70.7
10/10/2009,56.3
10/11/2009,56.5
10/12/2009,60
10/13/2009,72.1
10/14/2009,79.5
10/15/2009,79.4
10/16/2009,65.8
10/17/2009,62.1
10/18/2009,60.1
10/19/2009,62.9
10/20/2009,66.2
10/21/2009,73.8
10/22/2009,67.5
10/23/2009,57.6
10/24/2009,57.4
10/25/2009,65.6
10/26/2009,63.8
10/27/2009,56.7
10/28/2009,58.2
10/29/2009,76.7
10/30/2009,60.6
10/31/2009,53.9
11/1/2009,55.2
11/2/2009,56
11/3/2009,58.9
11/4/2009,58.2
11/5/2009,59.3
11/6/2009,58.3
11/7/2009,63.1
11/8/2009,63.1
11/9/2009,67.5
11/10/2009,67.6
11/11/2009,63.7
11/12/2009,59.3
11/13/2009,59.3
11/14/2009,62.9
11/15/2009,66.5
11/16/2009,62
11/17/2009,49
11/18/2009,48.7
11/19/2009,55.1
11/20/2009,65.4
11/21/2009,56.9
11/22/2009,53.5
11/23/2009,55.7
11/24/2009,60
11/25/2009,49.7
11/26/2009,48.2
11/27/2009,48.3
11/28/2009,55.8
11/29/2009,66.5
11/30/2009,51.7
12/1/2009,47.7
12/2/2009,45
12/3/2009,43.1
12/4/2009,40
12/5/2009,32.1
12/6/2009,40.6
12/7/2009,51.3
12/8/2009,47.4
12/9/2009,44.8
12/10/2009,37.2
12/11/2009,44.1
12/12/2009,46.1
12/13/2009,52.6
12/14/2009,55.8
12/15/2009,52.5
12/16/2009,42.8
12/17/2009,47
12/18/2009,45.9
12/19/2009,48.1
12/20/2009,42.5
12/21/2009,47.2
12/22/2009,59.8
12/23/2009,66.9
12/24/2009,51
12/25/2009,38.8
12/26/2009,37.3
12/27/2009,41
12/28/2009,40.3
12/29/2009,39
12/30/2009,45
12/31/2009,49.2
1/1/2010,45.6
1/2/2010,37.4
1/3/2010,44.1
1/4/2010,41.6
1/5/2010,34.2
1/6/2010,41.1
1/7/2010,43.8
1/8/2010,28.8
1/9/2010,23.1
1/10/2010,28.1
1/11/2010,32.3
1/12/2010,45.6
1/13/2010,47
1/14/2010,53
1/15/2010,53.7
1/16/2010,49.7
1/17/2010,48.6
1/18/2010,50
1/19/2010,62.7
1/20/2010,66.4
1/21/2010,59.6
1/22/2010,53.3
1/23/2010,65.1
1/24/2010,56.8
1/25/2010,46.9
1/26/2010,49
1/27/2010,58
1/28/2010,63.9
1/29/2010,51.9
1/30/2010,36.3
1/31/2010,33.2
2/1/2010,37.8
2/2/2010,47
2/3/2010,48.7
2/4/2010,47.3
2/5/2010,48.3
2/6/2010,45
2/7/2010,45.2
2/8/2010,54.8
2/9/2010,43.2
2/10/2010,36.1
2/11/2010,38.4
2/12/2010,39.1
2/13/2010,38.9
2/14/2010,46.6
2/15/2010,41.9
2/16/2010,40.3
2/17/2010,40.1
2/18/2010,42.9
2/19/2010,53.4
2/20/2010,58.3
2/21/2010,64.4
2/22/2010,50.6
2/23/2010,38.7
2/24/2010,40.2
2/25/2010,40.7
2/26/2010,51.1
2/27/2010,48.4
2/28/2010,48.2
3/1/2010,54
3/2/2010,47.3
3/3/2010,47.1
3/4/2010,51.3
3/5/2010,55.3
3/6/2010,58.8
3/7/2010,59.3
3/8/2010,62.4
3/9/2010,66.7
3/10/2010,64.6
3/11/2010,57.4
3/12/2010,57.6
3/13/2010,57.1
3/14/2010,56.7
3/15/2010,59.9
3/16/2010,56.2
3/17/2010,57.1
3/18/2010,54.1
3/19/2010,55.9
3/20/2010,54.9
3/21/2010,44.6
3/22/2010,51.1
3/23/2010,55
3/24/2010,63.4
3/25/2010,58.5
3/26/2010,54.9
3/27/2010,63.4
3/28/2010,61
3/29/2010,55.6
3/30/2010,60.9
3/31/2010,66.8
4/1/2010,69.2
4/2/2010,71.2
4/3/2010,64.3
4/4/2010,70.9
4/5/2010,74.3
4/6/2010,72.8
4/7/2010,70.1
4/8/2010,60.2
4/9/2010,54.1
4/10/2010,62.4
4/11/2010,65.2
4/12/2010,66.3
4/13/2010,65.9
4/14/2010,69
4/15/2010,69.1
4/16/2010,67.8
4/17/2010,68.1
4/18/2010,64.1
4/19/2010,60.4
4/20/2010,63.9
4/21/2010,64.4
4/22/2010,68.9
4/23/2010,74.9
4/24/2010,71.1
4/25/2010,68.2
4/26/2010,67.6
4/27/2010,66.1
4/28/2010,62.2
4/29/2010,71.7
4/30/2010,77.6
5/1/2010,75.3
5/2/2010,71.5
5/3/2010,68.5
5/4/2010,68.8
5/5/2010,72.5
5/6/2010,75.8
5/7/2010,80.6
5/8/2010,75.1
5/9/2010,71.4
5/10/2010,78.3
5/11/2010,80.3
5/12/2010,80.2
5/13/2010,78.6
5/14/2010,75.2
5/15/2010,70.7
5/16/2010,73.7
5/17/2010,77
5/18/2010,74.5
5/19/2010,77
5/20/2010,79.4
5/21/2010,81
5/22/2010,81.9
5/23/2010,82.7
5/24/2010,80.8
5/25/2010,77.6
5/26/2010,77
5/27/2010,73.8
5/28/2010,80.7
5/29/2010,81.1
5/30/2010,81.5
5/31/2010,80.2
6/1/2010,79.6
6/2/2010,81.4
6/3/2010,70.9
6/4/2010,70.7
6/5/2010,80.3
6/6/2010,84.7
6/7/2010,84.6
6/8/2010,81.6
6/9/2010,77.1
6/10/2010,83.9
6/11/2010,84
6/12/2010,84.8
6/13/2010,85.7
6/14/2010,84.9
6/15/2010,84.1
6/16/2010,84
6/17/2010,83.5
6/18/2010,85.1
6/19/2010,84.2
6/20/2010,84.8
6/21/2010,83.3
6/22/2010,84.1
6/23/2010,84.6
6/24/2010,81.6
6/25/2010,83.7
6/26/2010,85.1
6/27/2010,84.8
6/28/2010,86
6/29/2010,82.1
6/30/2010,79.2
7/1/2010,79.7
7/2/2010,79.5
7/3/2010,81.9
7/4/2010,84.5
7/5/2010,83.1
7/6/2010,84
7/7/2010,84.7
7/8/2010,80.7
7/9/2010,79.9
7/10/2010,81.4
7/11/2010,83.7
7/12/2010,84.4
7/13/2010,84.8
7/14/2010,86
7/15/2010,85.3
7/16/2010,84.4
7/17/2010,84.4
7/18/2010,85.2
7/19/2010,82.7
7/20/2010,83
7/21/2010,82.9
7/22/2010,82.9
7/23/2010,83.9
7/24/2010,82.4
7/25/2010,82.7
7/26/2010,81.3
7/27/2010,80.2
7/28/2010,79.1
7/29/2010,77.1
7/30/2010,84.4
7/31/2010,83.8
8/1/2010,83.4
8/2/2010,84.3
8/3/2010,84.3
8/4/2010,86.2
8/5/2010,85.8
8/6/2010,87.5
8/7/2010,87.1
8/8/2010,86.8
8/9/2010,83.9
8/10/2010,87.5
8/11/2010,86.6
8/12/2010,85.3
8/13/2010,86.8
8/14/2010,88.2
8/15/2010,88.6
8/16/2010,89
8/17/2010,84.4
8/18/2010,88.5
8/19/2010,86.8
8/20/2010,87.5
8/21/2010,86.9
8/22/2010,88.7
8/23/2010,83.2
8/24/2010,89.5
8/25/2010,85
8/26/2010,85.2
8/27/2010,83.2
8/28/2010,78.9
8/29/2010,81.8
8/30/2010,86.8
8/31/2010,87
9/1/2010,85.6
9/2/2010,86
9/3/2010,79.2
9/4/2010,80.5
9/5/2010,80.8
9/6/2010,81.7
9/7/2010,78.3
9/8/2010,80.7
9/9/2010,83.9
9/10/2010,83.1
9/11/2010,84.4
9/12/2010,83.6
9/13/2010,83.5
9/14/2010,83.1
9/15/2010,83.4
9/16/2010,80.8
9/17/2010,79.9
9/18/2010,77.4
9/19/2010,77.8
9/20/2010,74.2
9/21/2010,75.1
9/22/2010,76.8
9/23/2010,79.6
9/24/2010,80.5
9/25/2010,79.4
9/26/2010,77.6
9/27/2010,66.4
9/28/2010,64.6
9/29/2010,70.3
9/30/2010,70.1
10/1/2010,72.9
10/2/2010,70.2
10/3/2010,66.7
10/4/2010,63.4
10/5/2010,60
10/6/2010,60.7
10/7/2010,61.4
10/8/2010,64
10/9/2010,64.5
10/10/2010,68.3
10/11/2010,72.5
10/12/2010,73.8
10/13/2010,69.4
10/14/2010,67.9
10/15/2010,59.7
10/16/2010,62.1
10/17/2010,66.2
10/18/2010,73.3
10/19/2010,70.4
10/20/2010,71.9
10/21/2010,72.2
10/22/2010,74.9
10/23/2010,75.7
10/24/2010,74.9
10/25/2010,77.1
10/26/2010,77.1
10/27/2010,66.5
10/28/2010,71.9
10/29/2010,58.3
10/30/2010,52.4
10/31/2010,62.5
11/1/2010,73
11/2/2010,64.1
11/3/2010,55.9
11/4/2010,61.2
11/5/2010,52.8
11/6/2010,48.7
11/7/2010,50.5
11/8/2010,58.5
11/9/2010,61.3
11/10/2010,65.7
11/11/2010,66.6
11/12/2010,73.4
11/13/2010,58.5
11/14/2010,51.8
11/15/2010,54.7
11/16/2010,56
11/17/2010,55.2
11/18/2010,56.3
11/19/2010,46.8
11/20/2010,56.2
11/21/2010,73
11/22/2010,74.6
11/23/2010,75.4
11/24/2010,76.4
11/25/2010,72.2
11/26/2010,47.6
11/27/2010,40.3
11/28/2010,50.6
11/29/2010,68.4
11/30/2010,57.7
12/1/2010,43.5
12/2/2010,47.1
12/3/2010,53.3
12/4/2010,65.7
12/5/2010,53
12/6/2010,41.5
12/7/2010,40.5
12/8/2010,51.4
12/9/2010,41.8
12/10/2010,51
12/11/2010,59.8
12/12/2010,51
12/13/2010,41.1
12/14/2010,48.6
12/15/2010,62.7
12/16/2010,59.4
12/17/2010,47.5
12/18/2010,44.5
12/19/2010,42.9
12/20/2010,59.2
12/21/2010,68.1
12/22/2010,59.8
12/23/2010,57.7
12/24/2010,59.1
12/25/2010,43.1
12/26/2010,36.6
12/27/2010,35.4
12/28/2010,53.5
12/29/2010,64
12/30/2010,60.6
12/31/2010,65.7
1/1/2011,53.7
1/2/2011,40.3
1/3/2011,42.2
1/4/2011,53
1/5/2011,60
1/6/2011,48.8
1/7/2011,49.1
1/8/2011,51.2
1/9/2011,48
1/10/2011,39.6
1/11/2011,37.3
1/12/2011,31.7
1/13/2011,35.7
1/14/2011,40.2
1/15/2011,46.8
1/16/2011,48.2
1/17/2011,52.1
1/18/2011,54.1
1/19/2011,47.1
1/20/2011,51.4
1/21/2011,35.5
1/22/2011,40
1/23/2011,44
1/24/2011,48.3
1/25/2011,48.1
1/26/2011,43.4
1/27/2011,46.6
1/28/2011,52
1/29/2011,57.4
1/30/2011,69.2
1/31/2011,60.1
2/1/2011,48.5
2/2/2011,22.1
2/3/2011,23.5
2/4/2011,27.3
2/5/2011,37.1
2/6/2011,51.3
2/7/2011,49.9
2/8/2011,40.9
2/9/2011,40.3
2/10/2011,28.8
2/11/2011,32.9
2/12/2011,39.4
2/13/2011,48.4
2/14/2011,54.2
2/15/2011,66.4
2/16/2011,66.5
2/17/2011,69.1
2/18/2011,69.2
2/19/2011,65.3
2/20/2011,69.7
2/21/2011,69.6
2/22/2011,60.3
2/23/2011,64.2
2/24/2011,70.2
2/25/2011,60
2/26/2011,56.8
2/27/2011,71.8
2/28/2011,68.8
3/1/2011,54.6
3/2/2011,53.3
3/3/2011,56.9
3/4/2011,65.4
3/5/2011,60.8
3/6/2011,48.5
3/7/2011,57.3
3/8/2011,71.1
3/9/2011,64.1
3/10/2011,53.9
3/11/2011,52.7
3/12/2011,65.3
3/13/2011,68
3/14/2011,65.6
3/15/2011,54.7
3/16/2011,66.9
3/17/2011,71.7
3/18/2011,73.8
3/19/2011,73.7
3/20/2011,71.8
3/21/2011,72.3
3/22/2011,72.7
3/23/2011,72.9
3/24/2011,69.5
3/25/2011,73.3
3/26/2011,75.2
3/27/2011,67.7
3/28/2011,57.3
3/29/2011,62.3
3/30/2011,57.4
3/31/2011,56.6
4/1/2011,69.9
4/2/2011,74.6
4/3/2011,74.5
4/4/2011,71.9
4/5/2011,56.5
4/6/2011,63.4
4/7/2011,71.5
4/8/2011,78.6
4/9/2011,78.4
4/10/2011,78.2
4/11/2011,75.2
4/12/2011,64.5
4/13/2011,66.1
4/14/2011,75.5
4/15/2011,75.1
4/16/2011,61.7
4/17/2011,63.7
4/18/2011,78.2
4/19/2011,80.7
4/20/2011,81
4/21/2011,80.3
4/22/2011,80.7
4/23/2011,80.6
4/24/2011,79.7
4/25/2011,79.8
4/26/2011,81
4/27/2011,80.6
4/28/2011,67.9
4/29/2011,67.6
4/30/2011,78.4
5/1/2011,81.5
5/2/2011,53.5
5/3/2011,57.1
5/4/2011,59.8
5/5/2011,67.4
5/6/2011,70.8
5/7/2011,77.6
5/8/2011,81.5
5/9/2011,82.9
5/10/2011,81.6
5/11/2011,80.1
5/12/2011,74.5
5/13/2011,71
5/14/2011,70.2
5/15/2011,66.1
5/16/2011,72.3
5/17/2011,70.8
5/18/2011,76.2
5/19/2011,76.8
5/20/2011,81.5
5/21/2011,76.6
5/22/2011,83.1
5/23/2011,82.5
5/24/2011,83.9
5/25/2011,85.4
5/26/2011,82.7
5/27/2011,80.7
5/28/2011,85
5/29/2011,84
5/30/2011,84.7
5/31/2011,84.8
6/1/2011,83.2
6/2/2011,81.5
6/3/2011,83.9
6/4/2011,82.1
6/5/2011,81.8
6/6/2011,83.4
6/7/2011,84.4
6/8/2011,83.7
6/9/2011,83.4
6/10/2011,84
6/11/2011,84.4
6/12/2011,84.7
6/13/2011,86.2
6/14/2011,86.7
6/15/2011,88
6/16/2011,87.5
6/17/2011,88.8
6/18/2011,88.8
6/19/2011,88.9
6/20/2011,87
6/21/2011,87.3
6/22/2011,79.5
6/23/2011,83.6
6/24/2011,84.2
6/25/2011,85
6/26/2011,86.4
6/27/2011,87.9
6/28/2011,87
6/29/2011,84.5
6/30/2011,85.2
7/1/2011,83.9
7/2/2011,84.5
7/3/2011,86.2
7/4/2011,85.5
7/5/2011,84.3
7/6/2011,86.6
7/7/2011,84.4
7/8/2011,86.4
7/9/2011,86.3
7/10/2011,86.2
7/11/2011,85.6
7/12/2011,86.6
7/13/2011,86.6
7/14/2011,86.7
7/15/2011,88.6
7/16/2011,87.4
7/17/2011,85.3
7/18/2011,87.1
7/19/2011,85.7
7/20/2011,83.9
7/21/2011,86.1
7/22/2011,86.7
7/23/2011,86.9
7/24/2011,87.2
7/25/2011,88.2
7/26/2011,89.1
7/27/2011,88.5
7/28/2011,88.4
7/29/2011,88.1
7/30/2011,84.7
7/31/2011,86
8/1/2011,87.9
8/2/2011,91
8/3/2011,90.2
8/4/2011,90.1
8/5/2011,89.6
8/6/2011,88.7
8/7/2011,89.1
8/8/2011,89.3
8/9/2011,88.6
8/10/2011,88.4
8/11/2011,89.2
8/12/2011,89
8/13/2011,87.3
8/14/2011,88.1
8/15/2011,88.8
8/16/2011,88.1
8/17/2011,87.5
8/18/2011,88.1
8/19/2011,89.8
8/20/2011,90.7
8/21/2011,86.9
8/22/2011,88.5
8/23/2011,89.3
8/24/2011,89.2
8/25/2011,85
8/26/2011,83.9
8/27/2011,90.7
8/28/2011,91.4
8/29/2011,94.5
8/30/2011,88.7
8/31/2011,87.6
9/1/2011,85.3
9/2/2011,88.4
9/3/2011,88.3
9/4/2011,88.2
9/5/2011,85
9/6/2011,71.4
9/7/2011,72.2
9/8/2011,75.8
9/9/2011,74.7
9/10/2011,76.9
9/11/2011,78.9
9/12/2011,84.2
9/13/2011,87.1
9/14/2011,85.9
9/15/2011,82.8
9/16/2011,82.2
9/17/2011,77.9
9/18/2011,76.7
9/19/2011,81.2
9/20/2011,75.8
9/21/2011,77.6
9/22/2011,81.7
9/23/2011,77.4
9/24/2011,75.2
9/25/2011,85.4
9/26/2011,83.3
9/27/2011,85.6
9/28/2011,80
9/29/2011,83.7
9/30/2011,78.5
10/1/2011,72.2
10/2/2011,67.7
10/3/2011,69.4
10/4/2011,68
10/5/2011,72.4
10/6/2011,77
10/7/2011,82.3
10/8/2011,78.9
10/9/2011,68.8
10/10/2011,68.7
10/11/2011,70.3
10/12/2011,75.3
10/13/2011,76.6
10/14/2011,66.6
10/15/2011,68
10/16/2011,70.6
10/17/2011,71.1
10/18/2011,70
10/19/2011,61.6
10/20/2011,57.4
10/21/2011,64.3
10/22/2011,72.4
10/23/2011,72.4
10/24/2011,72.5
10/25/2011,72.7
10/26/2011,73.4
10/27/2011,70.7
10/28/2011,56.8
10/29/2011,51
10/30/2011,54.9
10/31/2011,58.8
11/1/2011,62.6
11/2/2011,71
11/3/2011,58.4
11/4/2011,45.1
11/5/2011,52.2
11/6/2011,73
11/7/2011,75.4
11/8/2011,72.1
11/9/2011,56.6
11/10/2011,55.4
11/11/2011,46.7
11/12/2011,62
11/13/2011,71.6
11/14/2011,75.5
11/15/2011,72.1
11/16/2011,65.7
11/17/2011,56.8
11/18/2011,49.9
11/19/2011,71.7
11/20/2011,77.7
11/21/2011,76.4
11/22/2011,68.8
11/23/2011,57
11/24/2011,55.5
11/25/2011,61.6
11/26/2011,64.1
11/27/2011,51
11/28/2011,43
11/29/2011,46.4
11/30/2011,48
12/1/2011,48.1
12/2/2011,60.6
12/3/2011,62.6
12/4/2011,57.1
12/5/2011,44.2
12/6/2011,37.4
12/7/2011,35
12/8/2011,37
12/9/2011,45.4
12/10/2011,50.7
12/11/2011,48.6
12/12/2011,52.2
12/13/2011,60.8
12/14/2011,70
12/15/2011,64.2
12/16/2011,50.9
12/17/2011,51.6
12/18/2011,55.2
12/19/2011,62.1
12/20/2011,56.3
12/21/2011,47.2
12/22/2011,52.3
12/23/2011,45.2
12/24/2011,43.6
12/25/2011,42.9
12/26/2011,48.2
12/27/2011,45.4
12/28/2011,44.2
12/29/2011,50.4
12/30/2011,52.4
12/31/2011,53.5
1/1/2012,55.9
1/2/2012,48.2
1/3/2012,41
1/4/2012,48.9
1/5/2012,54.8
1/6/2012,61.2
1/7/2012,59.7
1/8/2012,52.5
1/9/2012,54
1/10/2012,47.7
1/11/2012,49.2
1/12/2012,48.4
1/13/2012,40.2
1/14/2012,43.9
1/15/2012,45.2
1/16/2012,65
1/17/2012,68.2
1/18/2012,46.1
1/19/2012,57.1
1/20/2012,61.9
1/21/2012,54.6
1/22/2012,56.7
1/23/2012,54.4
1/24/2012,52.7
1/25/2012,61.8
1/26/2012,55
1/27/2012,50.7
1/28/2012,52.9
1/29/2012,44.4
1/30/2012,49.1
1/31/2012,62.8
2/1/2012,64.6
2/2/2012,61.1
2/3/2012,70
2/4/2012,61.3
2/5/2012,48.2
2/6/2012,44.2
2/7/2012,51.3
2/8/2012,49.2
2/9/2012,45.7
2/10/2012,54.1
2/11/2012,44.9
2/12/2012,36.5
2/13/2012,44.8
2/14/2012,52.3
2/15/2012,64
2/16/2012,54.6
2/17/2012,53.8
2/18/2012,56.2
2/19/2012,50.8
2/20/2012,53
2/21/2012,61
2/22/2012,68.8
2/23/2012,69.4
2/24/2012,59.3
2/25/2012,47.2
2/26/2012,47.7
2/27/2012,61.9
2/28/2012,67.2
2/29/2012,70.1
3/1/2012,62.1
3/2/2012,72.7
3/3/2012,59
3/4/2012,51.8
3/5/2012,55
3/6/2012,61.8
3/7/2012,67.1
3/8/2012,72
3/9/2012,46.4
3/10/2012,46.7
3/11/2012,56.8
3/12/2012,56.8
3/13/2012,68.8
3/14/2012,71.9
3/15/2012,72
3/16/2012,72.5
3/17/2012,71.7
3/18/2012,71.1
3/19/2012,73
3/20/2012,63.8
3/21/2012,60
3/22/2012,62.3
3/23/2012,61.1
3/24/2012,62
3/25/2012,64.6
3/26/2012,66
3/27/2012,65.8
3/28/2012,69.2
3/29/2012,69.5
3/30/2012,73.5
3/31/2012,73.9
4/1/2012,75.3
4/2/2012,75.4
4/3/2012,77.3
4/4/2012,67
4/5/2012,71.1
4/6/2012,70.4
4/7/2012,73.6
4/8/2012,71.1
4/9/2012,70
4/10/2012,69
4/11/2012,69.2
4/12/2012,74.5
4/13/2012,73.4
4/14/2012,76
4/15/2012,74.5
4/16/2012,63.6
4/17/2012,67.3
4/18/2012,65.1
4/19/2012,64
4/20/2012,68.9
4/21/2012,65.1
4/22/2012,65.4
4/23/2012,70.1
4/24/2012,67
4/25/2012,75.4
4/26/2012,77.5
4/27/2012,77
4/28/2012,77.7
4/29/2012,77.7
4/30/2012,77.7
5/1/2012,77
5/2/2012,77.9
5/3/2012,79.1
5/4/2012,80.1
5/5/2012,82.1
5/6/2012,79
5/7/2012,79.8
5/8/2012,70
5/9/2012,69.8
5/10/2012,71.3
5/11/2012,69.4
5/12/2012,72
5/13/2012,72.4
5/14/2012,72.5
5/15/2012,67.6
5/16/2012,69
5/17/2012,72.7
5/18/2012,73.7
5/19/2012,77.5
5/20/2012,75.8
5/21/2012,76.9
5/22/2012,74.5
5/23/2012,77.7
5/24/2012,80.6
5/25/2012,81.4
5/26/2012,82.3
5/27/2012,80.3
5/28/2012,80.3
5/29/2012,82.2
5/30/2012,81.9
5/31/2012,82.4
6/1/2012,77.9
6/2/2012,81.1
6/3/2012,82.2
6/4/2012,81.2
6/5/2012,82.9
6/6/2012,83.2
6/7/2012,82.1
6/8/2012,77.1
6/9/2012,77.9
6/10/2012,82.9
6/11/2012,86.8
6/12/2012,85.3
6/13/2012,76.9
6/14/2012,84.5
6/15/2012,84.4
6/16/2012,83.8
6/17/2012,82.5
6/18/2012,82.9
6/19/2012,82.5
6/20/2012,81.3
6/21/2012,80.8
6/22/2012,81.7
6/23/2012,83.9
6/24/2012,81.9
6/25/2012,87.2
6/26/2012,88
6/27/2012,89.6
6/28/2012,86.7
6/29/2012,85.3
6/30/2012,81.7
7/1/2012,78.5
7/2/2012,83.1
7/3/2012,83.1
7/4/2012,84.5
7/5/2012,84.6
7/6/2012,84.2
7/7/2012,86.7
7/8/2012,84.3
7/9/2012,83.7
7/10/2012,77.1
7/11/2012,77.4
7/12/2012,80.6
7/13/2012,81.4
7/14/2012,80.2
7/15/2012,81.8
7/16/2012,77.3
7/17/2012,80.8
7/18/2012,81.6
7/19/2012,80.9
7/20/2012,83.9
7/21/2012,85.6
7/22/2012,83.6
7/23/2012,84
7/24/2012,83
7/25/2012,84.8
7/26/2012,84.4
7/27/2012,84.3
7/28/2012,83.9
7/29/2012,85
7/30/2012,84.9
7/31/2012,86.3
8/1/2012,86.5
8/2/2012,85.8
8/3/2012,85.3
8/4/2012,86
8/5/2012,84.2
8/6/2012,81.9
8/7/2012,86.5
8/8/2012,86.1
8/9/2012,86.8
8/10/2012,88
8/11/2012,85.1
8/12/2012,87.4
8/13/2012,88
8/14/2012,88
8/15/2012,87.2
8/16/2012,86.1
8/17/2012,86.8
8/18/2012,84.9
8/19/2012,76.1
8/20/2012,80.6
8/21/2012,80
8/22/2012,78.2
8/23/2012,79.1
8/24/2012,81.9
8/25/2012,84.7
8/26/2012,83.5
8/27/2012,82.1
8/28/2012,84
8/29/2012,85.7
8/30/2012,87.2
8/31/2012,82.9
9/1/2012,84.8
9/2/2012,83.9
9/3/2012,82.7
9/4/2012,86.4
9/5/2012,85.8
9/6/2012,85.4
9/7/2012,85.3
9/8/2012,81.9
9/9/2012,74.8
9/10/2012,71.6
9/11/2012,75.9
9/12/2012,82.1
9/13/2012,80.5
9/14/2012,70
9/15/2012,71.2
9/16/2012,70.3
9/17/2012,72.1
9/18/2012,73.7
9/19/2012,72.7
9/20/2012,71.7
9/21/2012,72.9
9/22/2012,73.1
9/23/2012,75.6
9/24/2012,78.3
9/25/2012,78.3
9/26/2012,79.6
9/27/2012,76.4
9/28/2012,77.2
9/29/2012,75.2
9/30/2012,71.9
10/1/2012,69.3
10/2/2012,70
10/3/2012,66.8
10/4/2012,74.4
10/5/2012,77.3
10/6/2012,67.8
10/7/2012,56
10/8/2012,56.6
10/9/2012,65.7
10/10/2012,74.5
10/11/2012,75.8
10/12/2012,76.5
10/13/2012,77.2
10/14/2012,78.7
10/15/2012,67.8
10/16/2012,65.8
10/17/2012,71.1
10/18/2012,71
10/19/2012,62.3
10/20/2012,64.2
10/21/2012,80.3
10/22/2012,78.8
10/23/2012,75.4
10/24/2012,73.8
10/25/2012,76.4
10/26/2012,61.2
10/27/2012,52.8
10/28/2012,53.6
10/29/2012,50
10/30/2012,53.6
10/31/2012,63.5
11/1/2012,66.9
11/2/2012,68.9
11/3/2012,69.6
11/4/2012,60.8
11/5/2012,67.7
11/6/2012,63.7
11/7/2012,60.8
11/8/2012,62.3
11/9/2012,71.2
11/10/2012,71.7
11/11/2012,74.8
11/12/2012,58.2
11/13/2012,45.8
11/14/2012,55.4
11/15/2012,48.6
11/16/2012,57.7
11/17/2012,47.8
11/18/2012,51.8
11/19/2012,56.1
11/20/2012,62.4
11/21/2012,63.4
11/22/2012,60.9
11/23/2012,60.2
11/24/2012,56
11/25/2012,52.6
11/26/2012,68.5
11/27/2012,58.1
11/28/2012,46.3
11/29/2012,50.1
11/30/2012,67.1
12/1/2012,71.3
12/2/2012,72.3
12/3/2012,70.8
12/4/2012,67
12/5/2012,60.5
12/6/2012,55.6
12/7/2012,63.5
12/8/2012,68.2
12/9/2012,73.1
12/10/2012,51.8
12/11/2012,38.6
12/12/2012,39
12/13/2012,42.4
12/14/2012,61.6
12/15/2012,69.1
12/16/2012,58.3
12/17/2012,57.4
12/18/2012,53.4
12/19/2012,70.9
12/20/2012,58.5
12/21/2012,39.8
12/22/2012,44.9
12/23/2012,63.8
12/24/2012,55.1
12/25/2012,58.1
12/26/2012,34.5
12/27/2012,33
12/28/2012,48.9
12/29/2012,39.3
12/30/2012,35.1
12/31/2012,49.8
1/1/2013,51.9
1/2/2013,39.8
1/3/2013,38.5
1/4/2013,42.2
1/5/2013,44.9
1/6/2013,40.5
1/7/2013,38.7
1/8/2013,49.6
1/9/2013,55.2
1/10/2013,54.2
1/11/2013,52.8
1/12/2013,69.7
1/13/2013,49.8
1/14/2013,39.5
1/15/2013,38.7
1/16/2013,39.9
1/17/2013,44
1/18/2013,44.1
1/19/2013,46.4
1/20/2013,50.7
1/21/2013,52.9
1/22/2013,53.4
1/23/2013,57.9
1/24/2013,62
1/25/2013,67.7
1/26/2013,56.9
1/27/2013,62.8
1/28/2013,71.9
1/29/2013,74.3
1/30/2013,55.8
1/31/2013,46.5
2/1/2013,52.2
2/2/2013,55.7
2/3/2013,57.1
2/4/2013,62.9
2/5/2013,60
2/6/2013,62.6
2/7/2013,66.2
2/8/2013,61.3
2/9/2013,56.2
2/10/2013,68
2/11/2013,55.4
2/12/2013,56.1
2/13/2013,53.7
2/14/2013,48.9
2/15/2013,50.4
2/16/2013,48.1
2/17/2013,51.6
2/18/2013,66.9
2/19/2013,57.5
2/20/2013,56.9
2/21/2013,67.6
2/22/2013,50.7
2/23/2013,52
2/24/2013,50.9
2/25/2013,61.9
2/26/2013,51.1
2/27/2013,51.6
2/28/2013,49.9
3/1/2013,46.5
3/2/2013,49.6
3/3/2013,48.7
3/4/2013,64.9
3/5/2013,62
3/6/2013,46.8
3/7/2013,51.5
3/8/2013,61.4
3/9/2013,66.3
3/10/2013,64.4
3/11/2013,51.2
3/12/2013,52.8
3/13/2013,58.2
3/14/2013,60.1
3/15/2013,63.8
3/16/2013,67
3/17/2013,71.4
3/18/2013,75.1
3/19/2013,64.7
3/20/2013,63.5
3/21/2013,59.9
3/22/2013,71.1
3/23/2013,60
3/24/2013,56.5
3/25/2013,45.5
3/26/2013,42.4
3/27/2013,50.6
3/28/2013,62.5
3/29/2013,66
3/30/2013,71.1
3/31/2013,71.4
4/1/2013,68.2
4/2/2013,69
4/3/2013,56.6
4/4/2013,51.9
4/5/2013,51.8
4/6/2013,63.1
4/7/2013,70.1
4/8/2013,71.1
4/9/2013,74.7
4/10/2013,64.4
4/11/2013,53
4/12/2013,58.4
4/13/2013,63.5
4/14/2013,67.5
4/15/2013,72.6
4/16/2013,76.7
4/17/2013,77.3
4/18/2013,68.2
4/19/2013,56.6
4/20/2013,53.4
4/21/2013,61.5
4/22/2013,66.6
4/23/2013,71.2
4/24/2013,53.6
4/25/2013,60.5
4/26/2013,68.4
4/27/2013,74.5
4/28/2013,72.6
4/29/2013,73.1
4/30/2013,68.4
5/1/2013,74.2
5/2/2013,64.6
5/3/2013,54.5
5/4/2013,59
5/5/2013,62.1
5/6/2013,60.8
5/7/2013,54.9
5/8/2013,72.7
5/9/2013,73.8
5/10/2013,71.6
5/11/2013,70.9
5/12/2013,67.5
5/13/2013,66.5
5/14/2013,71.5
5/15/2013,76
5/16/2013,78.7
5/17/2013,81.4
5/18/2013,81.3
5/19/2013,81.1
5/20/2013,80.9
5/21/2013,81.5
5/22/2013,74.9
5/23/2013,81.3
5/24/2013,77.9
5/25/2013,72.7
5/26/2013,77.1
5/27/2013,74.1
5/28/2013,80.4
5/29/2013,79.7
5/30/2013,81.1
5/31/2013,82.5
6/1/2013,83.9
6/2/2013,79.8
6/3/2013,76.4
6/4/2013,79.2
6/5/2013,80
6/6/2013,81.3
6/7/2013,78.3
6/8/2013,75.2
6/9/2013,80.5
6/10/2013,80.5
6/11/2013,82.2
6/12/2013,81.4
6/13/2013,82.2
6/14/2013,81.4
6/15/2013,83.2
6/16/2013,84.3
6/17/2013,86.5
6/18/2013,84.2
6/19/2013,85
6/20/2013,85.6
6/21/2013,85.9
6/22/2013,86
6/23/2013,83.8
6/24/2013,85.8
6/25/2013,87.1
6/26/2013,87.3
6/27/2013,87.6
6/28/2013,88.7
6/29/2013,90.7
6/30/2013,85.6
7/1/2013,82.9
7/2/2013,78.1
7/3/2013,79.5
7/4/2013,79.6
7/5/2013,82.9
7/6/2013,84.3
7/7/2013,85.6
7/8/2013,82
7/9/2013,84.8
7/10/2013,86.4
7/11/2013,86.9
7/12/2013,87.7
7/13/2013,88.7
7/14/2013,87.9
7/15/2013,76.7
7/16/2013,78.6
7/17/2013,78.8
7/18/2013,79.6
7/19/2013,80.7
7/20/2013,81.9
7/21/2013,80.8
7/22/2013,84.4
7/23/2013,86.5
7/24/2013,85.9
7/25/2013,85.5
7/26/2013,86.7
7/27/2013,83.8
7/28/2013,83.2
7/29/2013,87.4
7/30/2013,86.9
7/31/2013,86.7
8/1/2013,88.1
8/2/2013,88.3
8/3/2013,87.6
8/4/2013,87.8
8/5/2013,87.9
8/6/2013,88.5
8/7/2013,89.3
8/8/2013,89.7
8/9/2013,87.1
8/10/2013,89.3
8/11/2013,84.9
8/12/2013,84.6
8/13/2013,88.1
8/14/2013,88
8/15/2013,83.9
8/16/2013,81.3
8/17/2013,81.4
8/18/2013,80.1
8/19/2013,80.8
8/20/2013,82
8/21/2013,81.7
8/22/2013,82.9
8/23/2013,84.4
8/24/2013,86.4
8/25/2013,82.7
8/26/2013,82.7
8/27/2013,77.6
8/28/2013,79.9
8/29/2013,84.9
8/30/2013,87.5
8/31/2013,87.6
9/1/2013,86.9
9/2/2013,87.1
9/3/2013,87
9/4/2013,88.2
9/5/2013,81.4
9/6/2013,83
9/7/2013,82.2
9/8/2013,77.9
9/9/2013,78
9/10/2013,76.9
9/11/2013,79.5
9/12/2013,80.8
9/13/2013,81.8
9/14/2013,81.5
9/15/2013,81.7
9/16/2013,81.4
9/17/2013,79.8
9/18/2013,81.2
9/19/2013,81.5
9/20/2013,77.9
9/21/2013,74.5
9/22/2013,69.5
9/23/2013,70.2
9/24/2013,75.7
9/25/2013,78.2
9/26/2013,77
9/27/2013,81.7
9/28/2013,81.5
9/29/2013,72.6
9/30/2013,73.3
10/1/2013,75.5
10/2/2013,80.5
10/3/2013,81.4
10/4/2013,79.7
10/5/2013,78.8
10/6/2013,66.5
10/7/2013,63.4
10/8/2013,64.7
10/9/2013,64.9
10/10/2013,70.5
10/11/2013,77.5
10/12/2013,81.3
10/13/2013,73.2
10/14/2013,74.3
10/15/2013,75.7
10/16/2013,60.2
10/17/2013,61.7
10/18/2013,62
10/19/2013,61.3
10/20/2013,48
10/21/2013,64.5
10/22/2013,65.1
10/23/2013,61.4
10/24/2013,61.9
10/25/2013,62.3
10/26/2013,68.5
10/27/2013,68
10/28/2013,69.7
10/29/2013,75.4
10/30/2013,77.1
10/31/2013,75.2
11/1/2013,62.6
11/2/2013,65.7
11/3/2013,53.3
11/4/2013,61.8
11/5/2013,69.4
11/6/2013,66.9
11/7/2013,52.7
11/8/2013,55.9
11/9/2013,58.8
11/10/2013,64
11/11/2013,63.1
11/12/2013,56
11/13/2013,44.9
11/14/2013,41.5
11/15/2013,59.1
11/16/2013,68.5
11/17/2013,77
11/18/2013,66.6
11/19/2013,64
11/20/2013,61.5
11/21/2013,71.9
11/22/2013,54.3
11/23/2013,38.3
11/24/2013,40.8
11/25/2013,36.4
11/26/2013,41.9
11/27/2013,43.6
11/28/2013,38.4
11/29/2013,41
11/30/2013,54.9
12/1/2013,61.7
12/2/2013,65.3
12/3/2013,63.7
12/4/2013,63
12/5/2013,53.6
12/6/2013,34.7
12/7/2013,29.3
12/8/2013,32.9
12/9/2013,37.2
12/10/2013,35.8
12/11/2013,36.9
12/12/2013,41.7
12/13/2013,44.2
12/14/2013,48.2
12/15/2013,42.7
12/16/2013,43.1
12/17/2013,46.9
12/18/2013,48.3
12/19/2013,62.8
12/20/2013,68.5
12/21/2013,59.9
12/22/2013,46.1
12/23/2013,40.3
12/24/2013,39.1
12/25/2013,43.8
12/26/2013,47.4
12/27/2013,49
12/28/2013,46.3
12/29/2013,49.1
12/30/2013,38.3
12/31/2013,40.2
1/1/2014,45.1
1/2/2014,46.3
1/3/2014,35.6
1/4/2014,49.7
1/5/2014,52.3
1/6/2014,31.1
1/7/2014,28.5
1/8/2014,44.1
1/9/2014,55
1/10/2014,64.8
1/11/2014,60.5
1/12/2014,48.6
1/13/2014,62.8
1/14/2014,49.8
1/15/2014,52.5
1/16/2014,49.2
1/17/2014,50
1/18/2014,44.5
1/19/2014,50.1
1/20/2014,53.7
1/21/2014,58
1/22/2014,44.8
1/23/2014,45.1
1/24/2014,29.7
1/25/2014,36.9
1/26/2014,53.6
1/27/2014,54.9
1/28/2014,33.1
1/29/2014,32.8
1/30/2014,34.1
1/31/2014,63.1
2/1/2014,70.6
2/2/2014,49.1
2/3/2014,37.4
2/4/2014,46.2
2/5/2014,42.3
2/6/2014,29.6
2/7/2014,30.3
2/8/2014,41.3
2/9/2014,51.4
2/10/2014,46.8
2/11/2014,34.7
2/12/2014,38.8
2/13/2014,42.5
2/14/2014,57.5
2/15/2014,54.6
2/16/2014,61.9
2/17/2014,67.5
2/18/2014,62.7
2/19/2014,69.3
2/20/2014,68.1
2/21/2014,55
2/22/2014,53.9
2/23/2014,68.5
2/24/2014,63.2
2/25/2014,64.5
2/26/2014,44.6
2/27/2014,37.8
2/28/2014,51.6
3/1/2014,60.3
3/2/2014,61.2
3/3/2014,30.8
3/4/2014,35.6
3/5/2014,43.2
3/6/2014,50
3/7/2014,45
3/8/2014,55.5
3/9/2014,46.2
3/10/2014,57.2
3/11/2014,63.2
3/12/2014,60.8
3/13/2014,50
3/14/2014,56.2
3/15/2014,65.9
3/16/2014,61
3/17/2014,52.7
3/18/2014,57.5
3/19/2014,63.3
3/20/2014,54.8
3/21/2014,57
3/22/2014,68.7
3/23/2014,59.8
3/24/2014,53.9
3/25/2014,53.7
3/26/2014,58
3/27/2014,67
3/28/2014,73.7
3/29/2014,64.6
3/30/2014,58.7
3/31/2014,68
4/1/2014,73.6
4/2/2014,75.9
4/3/2014,76
4/4/2014,73.1
4/5/2014,58.5
4/6/2014,57.4
4/7/2014,54.1
4/8/2014,59.7
4/9/2014,59.4
4/10/2014,67.7
4/11/2014,70
4/12/2014,73
4/13/2014,72.7
4/14/2014,64.4
4/15/2014,50.5
4/16/2014,50.8
4/17/2014,60.4
4/18/2014,65.1
4/19/2014,63.6
4/20/2014,67.2
4/21/2014,71.2
4/22/2014,74.1
4/23/2014,69.9
4/24/2014,73.6
4/25/2014,71.7
4/26/2014,74.1
4/27/2014,79.6
4/28/2014,80.7
4/29/2014,71.4
4/30/2014,65.2
5/1/2014,60.9
5/2/2014,65.4
5/3/2014,71.9
5/4/2014,73.2
5/5/2014,72.3
5/6/2014,73.1
5/7/2014,76.4
5/8/2014,77.2
5/9/2014,77.3
5/10/2014,70.8
5/11/2014,79.9
5/12/2014,79.1
5/13/2014,64.1
5/14/2014,63.4
5/15/2014,62
5/16/2014,70.6
5/17/2014,71.2
5/18/2014,70.8
5/19/2014,74.5
5/20/2014,76.2
5/21/2014,77.6
5/22/2014,76.6
5/23/2014,75.9
5/24/2014,75.6
5/25/2014,78.2
5/26/2014,73.3
5/27/2014,67.2
5/28/2014,70.3
5/29/2014,75
5/30/2014,78
5/31/2014,79.8
6/1/2014,78.2
6/2/2014,80.5
6/3/2014,80.9
6/4/2014,80.2
6/5/2014,81.1
6/6/2014,81.1
6/7/2014,81.4
6/8/2014,82.1
6/9/2014,79.6
6/10/2014,77.1
6/11/2014,74.2
6/12/2014,83.8
6/13/2014,78.7
6/14/2014,79.9
6/15/2014,82.5
6/16/2014,83.5
6/17/2014,83.7
6/18/2014,83.3
6/19/2014,82.6
6/20/2014,80.7
6/21/2014,81.7
6/22/2014,82.4
6/23/2014,79.5
6/24/2014,81.4
6/25/2014,78.8
6/26/2014,76.6
6/27/2014,80.3
6/28/2014,83.4
6/29/2014,85.1
6/30/2014,84.6
7/1/2014,83.6
7/2/2014,82.1
7/3/2014,82.3
7/4/2014,77.1
7/5/2014,79.2
7/6/2014,78.7
7/7/2014,82.5
7/8/2014,83.1
7/9/2014,82.7
7/10/2014,81.1
7/11/2014,79.4
7/12/2014,80.9
7/13/2014,84.5
7/14/2014,84.9
7/15/2014,82.9
7/16/2014,80.9
7/17/2014,82.2
7/18/2014,76.8
7/19/2014,76.3
7/20/2014,81
7/21/2014,85.4
7/22/2014,84.8
7/23/2014,85.5
7/24/2014,83.3
7/25/2014,83.7
7/26/2014,86.1
7/27/2014,86
7/28/2014,85.8
7/29/2014,85.3
7/30/2014,83.1
7/31/2014,85
8/1/2014,82.7
8/2/2014,78.1
8/3/2014,79.6
8/4/2014,82.1
8/5/2014,81.7
8/6/2014,84.8
8/7/2014,87.3
8/8/2014,88
8/9/2014,87.4
8/10/2014,88.5
8/11/2014,86.8
8/12/2014,84.2
8/13/2014,83
8/14/2014,82
8/15/2014,85.7
8/16/2014,87.1
8/17/2014,87.7
8/18/2014,88.4
8/19/2014,82.3
8/20/2014,87.6
8/21/2014,88.5
8/22/2014,88.6
8/23/2014,86
8/24/2014,87.5
8/25/2014,86.9
8/26/2014,87.2
8/27/2014,84
8/28/2014,83.5
8/29/2014,82.8
8/30/2014,80.7
8/31/2014,83.5
9/1/2014,85.8
9/2/2014,85.5
9/3/2014,84.6
9/4/2014,82
9/5/2014,82.5
9/6/2014,82.2
9/7/2014,81
9/8/2014,80.4
9/9/2014,83.4
9/10/2014,86.1
9/11/2014,85.9
9/12/2014,82.2
9/13/2014,64.7
9/14/2014,68.2
9/15/2014,75.6
9/16/2014,81.8
9/17/2014,79.7
9/18/2014,79.1
9/19/2014,77.8
9/20/2014,79
9/21/2014,79.5
9/22/2014,78.3
9/23/2014,75.8
9/24/2014,69.7
9/25/2014,70.8
9/26/2014,73.6
9/27/2014,74.7
9/28/2014,72.7
9/29/2014,74.7
9/30/2014,75.3
10/1/2014,81
10/2/2014,83.8
10/3/2014,75.5
10/4/2014,65.3
10/5/2014,68.5
10/6/2014,77.8
10/7/2014,78.8
10/8/2014,79.5
10/9/2014,81.2
10/10/2014,81.4
10/11/2014,69.9
10/12/2014,65.5
10/13/2014,73.4
10/14/2014,64.6
10/15/2014,64.6
10/16/2014,66.3
10/17/2014,69
10/18/2014,70.8
10/19/2014,69.4
10/20/2014,67.9
10/21/2014,67
10/22/2014,67.3
10/23/2014,71.5
10/24/2014,68.1
10/25/2014,69.7
10/26/2014,69.3
10/27/2014,70.5
10/28/2014,70.5
10/29/2014,70.7
10/30/2014,67.2
10/31/2014,66.9
11/1/2014,55
11/2/2014,55.5
11/3/2014,65.9
11/4/2014,73.3
11/5/2014,58
11/6/2014,58
11/7/2014,59.2
11/8/2014,57.3
11/9/2014,56.9
11/10/2014,58.5
11/11/2014,57.8
11/12/2014,43.5
11/13/2014,38.2
11/14/2014,35.7
11/15/2014,43.4
11/16/2014,47.6
11/17/2014,39.5
11/18/2014,39.3
11/19/2014,43.3
11/20/2014,51.3
11/21/2014,65.5
11/22/2014,65.9
11/23/2014,65.1
11/24/2014,57.3
11/25/2014,47.8
11/26/2014,53.8
11/27/2014,50.2
11/28/2014,49.4
11/29/2014,61.1
11/30/2014,70.4
12/1/2014,55.5
12/2/2014,43
12/3/2014,51.2
12/4/2014,60.9
12/5/2014,67.6
12/6/2014,60.1
12/7/2014,53.2
12/8/2014,55.1
12/9/2014,50.9
12/10/2014,52.8
12/11/2014,59.5
12/12/2014,63.8
12/13/2014,58.5
12/14/2014,66.7
12/15/2014,67.9
12/16/2014,49
12/17/2014,51.7
12/18/2014,52.7
12/19/2014,52.1
12/20/2014,50.8
12/21/2014,51.9
12/22/2014,60
12/23/2014,53.7
12/24/2014,48
12/25/2014,43.4
12/26/2014,58.9
12/27/2014,55.4
12/28/2014,40.6
12/29/2014,40.2
12/30/2014,42.2
12/31/2014,39.9
1/1/2015,37.5
1/2/2015,39.7
1/3/2015,44.3
1/4/2015,42.3
1/5/2015,35.4
1/6/2015,45.6
1/7/2015,45.1
1/8/2015,29.7
1/9/2015,36.7
1/10/2015,34.7
1/11/2015,38.8
1/12/2015,44.8
1/13/2015,39.6
1/14/2015,39.3
1/15/2015,43.6
1/16/2015,43.7
1/17/2015,51
1/18/2015,55.9
1/19/2015,48.6
1/20/2015,52.9
1/21/2015,58.5
1/22/2015,49.1
1/23/2015,42.3
1/24/2015,42.9
1/25/2015,52.1
1/26/2015,53.8
1/27/2015,58
1/28/2015,56.4
1/29/2015,60.4
1/30/2015,54.8
1/31/2015,51.5
2/1/2015,63.6
2/2/2015,42.8
2/3/2015,41.3
2/4/2015,46.6
2/5/2015,45.5
2/6/2015,45
2/7/2015,50.3
2/8/2015,61.6
2/9/2015,61.7
2/10/2015,58.6
2/11/2015,59.4
2/12/2015,54.6
2/13/2015,49.8
2/14/2015,57.2
2/15/2015,58.6
2/16/2015,52.4
2/17/2015,40.7
2/18/2015,44.5
2/19/2015,47.9
2/20/2015,61.4
2/21/2015,68.7
2/22/2015,54.6
2/23/2015,35.5
2/24/2015,32
2/25/2015,41.3
2/26/2015,39.5
2/27/2015,35.8
2/28/2015,33
3/1/2015,37.6
3/2/2015,40.8
3/3/2015,43
3/4/2015,59.7
3/5/2015,37.8
3/6/2015,35.4
3/7/2015,46.6
3/8/2015,51.8
3/9/2015,49.7
3/10/2015,54.9
3/11/2015,56.2
3/12/2015,58.6
3/13/2015,61.4
3/14/2015,63.2
3/15/2015,58.4
3/16/2015,60.4
3/17/2015,66
3/18/2015,68.9
3/19/2015,68.5
3/20/2015,67.6
3/21/2015,58.2
3/22/2015,63.2
3/23/2015,62.1
3/24/2015,66.3
3/25/2015,69.5
3/26/2015,64.5
3/27/2015,59.5
3/28/2015,60.8
3/29/2015,66.2
3/30/2015,69
3/31/2015,70.5
4/1/2015,71.5
4/2/2015,72.9
4/3/2015,73.5
4/4/2015,63.9
4/5/2015,61.3
4/6/2015,70
4/7/2015,74.2
4/8/2015,73.1
4/9/2015,75
4/10/2015,66.4
4/11/2015,62.9
4/12/2015,69.7
4/13/2015,72.7
4/14/2015,68.3
4/15/2015,64.5
4/16/2015,70.1
4/17/2015,68.6
4/18/2015,68.2
4/19/2015,69.6
4/20/2015,65.8
4/21/2015,62.4
4/22/2015,70.7
4/23/2015,72.1
4/24/2015,75.3
4/25/2015,78.2
4/26/2015,75
4/27/2015,72.6
4/28/2015,63.6
4/29/2015,60.3
4/30/2015,62.3
5/1/2015,65.5
5/2/2015,66.8
5/3/2015,66.8
5/4/2015,71.8
5/5/2015,72.9
5/6/2015,75.8
5/7/2015,76.1
5/8/2015,76
5/9/2015,76.4
5/10/2015,79.2
5/11/2015,74
5/12/2015,67.7
5/13/2015,66.6
5/14/2015,72.4
5/15/2015,72.3
5/16/2015,73.2
5/17/2015,74.3
5/18/2015,77.2
5/19/2015,78
5/20/2015,76.7
5/21/2015,70.8
5/22/2015,67
5/23/2015,75.5
5/24/2015,70
5/25/2015,74.4
5/26/2015,72.7
5/27/2015,76.3
5/28/2015,78.3
5/29/2015,75.2
5/30/2015,76.2
5/31/2015,72.4
6/1/2015,73.8
6/2/2015,76.2
6/3/2015,75.8
6/4/2015,76.6
6/5/2015,76.6
6/6/2015,78.1
6/7/2015,78
6/8/2015,79.4
6/9/2015,80
6/10/2015,80.8
6/11/2015,80.7
6/12/2015,81.6
6/13/2015,81.3
6/14/2015,78.1
6/15/2015,77.6
6/16/2015,77.2
6/17/2015,77.3
6/18/2015,78.5
6/19/2015,77.1
6/20/2015,77.5
6/21/2015,77.8
6/22/2015,78
6/23/2015,79.7
6/24/2015,79.8
6/25/2015,78.9
6/26/2015,82.3
6/27/2015,80.5
6/28/2015,79.3
6/29/2015,79.8
6/30/2015,80.5
7/1/2015,75.7
7/2/2015,77.1
7/3/2015,80.2
7/4/2015,80.8
7/5/2015,81.9
7/6/2015,82.7
7/7/2015,82.4
7/8/2015,81.1
7/9/2015,82.7
7/10/2015,80.1
7/11/2015,79.1
7/12/2015,81.8
7/13/2015,83
7/14/2015,82.5
7/15/2015,82.3
7/16/2015,82.3
7/17/2015,84
7/18/2015,84.7
7/19/2015,84.6
7/20/2015,83.1
7/21/2015,84.1
7/22/2015,84.5
7/23/2015,84.2
7/24/2015,84.6
7/25/2015,83.6
7/26/2015,84.2
7/27/2015,85.1
7/28/2015,85
7/29/2015,84.9
7/30/2015,86.2
7/31/2015,87.2
8/1/2015,84.3
8/2/2015,82.2
8/3/2015,84.6
8/4/2015,84.6
8/5/2015,86.7
8/6/2015,86.1
8/7/2015,86.1
8/8/2015,86.4
8/9/2015,86.3
8/10/2015,86.4
8/11/2015,86.6
8/12/2015,88.8
8/13/2015,87.3
8/14/2015,87.2
8/15/2015,86.5
8/16/2015,83.7
8/17/2015,80.3
8/18/2015,83.4
8/19/2015,85.3
8/20/2015,79
8/21/2015,76.1
8/22/2015,83.1
8/23/2015,85
8/24/2015,85.5
8/25/2015,84.4
8/26/2015,81
8/27/2015,82.4
8/28/2015,79.7
8/29/2015,80.4
8/30/2015,82.2
8/31/2015,79.2
9/1/2015,79.3
9/2/2015,78.6
9/3/2015,79.8
9/4/2015,83
9/5/2015,84.5
9/6/2015,84.3
9/7/2015,85.3
9/8/2015,85.4
9/9/2015,83
9/10/2015,81.3
9/11/2015,78.3
9/12/2015,77.7
9/13/2015,72.8
9/14/2015,74.3
9/15/2015,78.7
9/16/2015,80.1
9/17/2015,81.7
9/18/2015,82.9
9/19/2015,81.2
9/20/2015,77.8
9/21/2015,80.2
9/22/2015,79.7
9/23/2015,78.8
9/24/2015,76.2
9/25/2015,78.3
9/26/2015,76.7
9/27/2015,75.9
9/28/2015,76.3
9/29/2015,72.7
9/30/2015,78.6
10/1/2015,77.5
10/2/2015,75.9
10/3/2015,67.1
10/4/2015,67.9
10/5/2015,72.4
10/6/2015,71.2
10/7/2015,72.2
10/8/2015,76.3
10/9/2015,77.2
10/10/2015,76
10/11/2015,75.2
10/12/2015,81.3
10/13/2015,82.9
10/14/2015,71.2
10/15/2015,72.8
10/16/2015,71.3
10/17/2015,69.7
10/18/2015,65.1
10/19/2015,65.1
10/20/2015,68.3
10/21/2015,78
10/22/2015,76.1
10/23/2015,76.8
10/24/2015,70.9
10/25/2015,61.3
10/26/2015,66.9
10/27/2015,67
10/28/2015,67.3
10/29/2015,62.4
10/30/2015,72.5
10/31/2015,71.3
11/1/2015,65.8
11/2/2015,66.8
11/3/2015,65.3
11/4/2015,67.2
11/5/2015,77.5
11/6/2015,71.7
11/7/2015,60.4
11/8/2015,59.8
11/9/2015,59.4
11/10/2015,65.5
11/11/2015,76.3
11/12/2015,66
11/13/2015,60.8
11/14/2015,59.1
11/15/2015,59.2
11/16/2015,69.3
11/17/2015,67.8
11/18/2015,53.6
11/19/2015,56.6
11/20/2015,58.6
11/21/2015,61.1
11/22/2015,45
11/23/2015,42.4
11/24/2015,53.4
11/25/2015,66.3
11/26/2015,71.2
11/27/2015,70.2
11/28/2015,43.2
11/29/2015,44.5
11/30/2015,47.9
12/1/2015,51.8
12/2/2015,52.6
12/3/2015,48.1
12/4/2015,45.7
12/5/2015,45
12/6/2015,51.2
12/7/2015,50.3
12/8/2015,51.5
12/9/2015,58.9
12/10/2015,62.9
12/11/2015,63.4
12/12/2015,71.9
12/13/2015,61.9
12/14/2015,50.6
12/15/2015,59.3
12/16/2015,62.2
12/17/2015,46.7
12/18/2015,47.4
12/19/2015,43.6
12/20/2015,56.2
12/21/2015,66.5
12/22/2015,57.5
12/23/2015,71.8
12/24/2015,57.6
12/25/2015,62.2
12/26/2015,71.5
12/27/2015,60.9
12/28/2015,40.5
12/29/2015,41
12/30/2015,47.8
12/31/2015,42.8
1/1/2016,47.5
1/2/2016,45.8
1/3/2016,48.2
1/4/2016,43.8
1/5/2016,40.6
1/6/2016,49.4
1/7/2016,56
1/8/2016,52.3
1/9/2016,53.3
1/10/2016,40.5
1/11/2016,41
1/12/2016,44.4
1/13/2016,46.2
1/14/2016,53.8
1/15/2016,55.3
1/16/2016,47.3
1/17/2016,43.6
1/18/2016,41.5
1/19/2016,49.3
1/20/2016,51.5
1/21/2016,56.2
1/22/2016,46.3
1/23/2016,39.6
1/24/2016,45.8
1/25/2016,61.5
1/26/2016,52.2
1/27/2016,47.4
1/28/2016,45.3
1/29/2016,50.6
1/30/2016,57.6
1/31/2016,64.8
2/1/2016,61
2/2/2016,64.4
2/3/2016,49.5
2/4/2016,42.5
2/5/2016,41.6
2/6/2016,52.3
2/7/2016,44.1
2/8/2016,51.7
2/9/2016,51.2
2/10/2016,50.7
2/11/2016,61.5
2/12/2016,58.5
2/13/2016,58.6
2/14/2016,62.6
2/15/2016,63.6
2/16/2016,58.1
2/17/2016,58.2
2/18/2016,61.7
2/19/2016,69.1
2/20/2016,69
2/21/2016,69.2
2/22/2016,64.6
2/23/2016,59.4
2/24/2016,52.2
2/25/2016,50.6
2/26/2016,49.3
2/27/2016,51.6
2/28/2016,60.9
2/29/2016,67
3/1/2016,70.6
3/2/2016,58.8
3/3/2016,71.5
3/4/2016,58.1
3/5/2016,62.5
3/6/2016,63.1
3/7/2016,68.9
3/8/2016,72.2
3/9/2016,64.9
3/10/2016,61.4
3/11/2016,64.8
3/12/2016,63.7
3/13/2016,66.5
3/14/2016,68.5
3/15/2016,73
3/16/2016,67.6
3/17/2016,70.9
3/18/2016,70.9
3/19/2016,58.5
3/20/2016,50.9
3/21/2016,47.2
3/22/2016,56
3/23/2016,69.8
3/24/2016,63.1
3/25/2016,53.9
3/26/2016,57
3/27/2016,64
3/28/2016,57.8
3/29/2016,63.1
3/30/2016,71
3/31/2016,74.8
4/1/2016,62
4/2/2016,55.8
4/3/2016,56.7
4/4/2016,63.8
4/5/2016,58
4/6/2016,68.3
4/7/2016,62.3
4/8/2016,63.9
4/9/2016,64.3
4/10/2016,69.8
4/11/2016,75
4/12/2016,68.3
4/13/2016,64.8
4/14/2016,63.5
4/15/2016,63.3
4/16/2016,68.8
4/17/2016,71.7
4/18/2016,68.4
4/19/2016,68.5
4/20/2016,68.7
4/21/2016,68.5
4/22/2016,70.1
4/23/2016,66.7
4/24/2016,66.5
4/25/2016,75.1
4/26/2016,77.5
4/27/2016,76.5
4/28/2016,72.3
4/29/2016,78.7
4/30/2016,76.1
5/1/2016,71.5
5/2/2016,65.3
5/3/2016,63.5
5/4/2016,66.6
5/5/2016,69.1
5/6/2016,69.5
5/7/2016,69.3
5/8/2016,71
5/9/2016,74.7
5/10/2016,79.8
5/11/2016,77.6
5/12/2016,77.2
5/13/2016,77.2
5/14/2016,74.7
5/15/2016,66.8
5/16/2016,71
5/17/2016,71.5
5/18/2016,70.8
5/19/2016,65.6
5/20/2016,69.6
5/21/2016,74.6
5/22/2016,78.1
5/23/2016,77.4
5/24/2016,79.7
5/25/2016,80.3
5/26/2016,80.9
5/27/2016,71
5/28/2016,74.3
5/29/2016,79.9
5/30/2016,77.4
5/31/2016,77
6/1/2016,74
6/2/2016,77.4
6/3/2016,74.5
6/4/2016,73.2
6/5/2016,77.2
6/6/2016,77
6/7/2016,78.9
6/8/2016,79.7
6/9/2016,79
6/10/2016,77.9
6/11/2016,82.9
6/12/2016,84.7
6/13/2016,84.4
6/14/2016,84.3
6/15/2016,85.5
6/16/2016,84.2
6/17/2016,84.4
6/18/2016,85.3
6/19/2016,83.8
6/20/2016,82.8
6/21/2016,82.3
6/22/2016,84
6/23/2016,83.6
6/24/2016,82.1
6/25/2016,80.3
6/26/2016,81.8
6/27/2016,82.4
6/28/2016,83.3
6/29/2016,79.5
6/30/2016,83.9
7/1/2016,83.1
7/2/2016,85
7/3/2016,86.2
7/4/2016,87.4
7/5/2016,86.4
7/6/2016,86.8
7/7/2016,86.4
7/8/2016,86.8
7/9/2016,86.2
7/10/2016,86.5
7/11/2016,87
7/12/2016,85.5
7/13/2016,87.6
7/14/2016,86.7
7/15/2016,87.1
7/16/2016,85.7
7/17/2016,84.8
7/18/2016,85.6
7/19/2016,85.9
7/20/2016,85.5
7/21/2016,86
7/22/2016,86.6
7/23/2016,87.3
7/24/2016,88.2
7/25/2016,88.6
7/26/2016,79.7
7/27/2016,78.6
7/28/2016,80.3
7/29/2016,81.5
7/30/2016,83.9
7/31/2016,84.6
8/1/2016,85
8/2/2016,83.9
8/3/2016,85.2
8/4/2016,85.2
8/5/2016,85.2
8/6/2016,85.6
8/7/2016,86
8/8/2016,86.5
8/9/2016,87
8/10/2016,88.1
8/11/2016,88
8/12/2016,87.7
8/13/2016,83.9
8/14/2016,77.8
8/15/2016,73.8
8/16/2016,74.8
8/17/2016,77.2
8/18/2016,78.1
8/19/2016,81.3
8/20/2016,80.2
8/21/2016,76.3
8/22/2016,79
8/23/2016,83.8
8/24/2016,82.2
8/25/2016,82.3
8/26/2016,81.6
8/27/2016,80.5
8/28/2016,80.3
8/29/2016,79.2
8/30/2016,79.1
8/31/2016,82.3
9/1/2016,82.9
9/2/2016,81.3
9/3/2016,79.7
9/4/2016,81
9/5/2016,79.2
9/6/2016,79.6
9/7/2016,83.1
9/8/2016,83
9/9/2016,81.9
9/10/2016,80.9
9/11/2016,79
9/12/2016,79.6
9/13/2016,80.3
9/14/2016,81.9
9/15/2016,81.2
9/16/2016,81.1
9/17/2016,82.4
9/18/2016,83.5
9/19/2016,84.2
9/20/2016,79
9/21/2016,82.4
9/22/2016,79.4
9/23/2016,81
9/24/2016,80.9
9/25/2016,77.7
9/26/2016,72.8
9/27/2016,71.3
9/28/2016,72.9
9/29/2016,71.1
9/30/2016,66.2
10/1/2016,66.7
10/2/2016,68.7
10/3/2016,70.8
10/4/2016,70.8
10/5/2016,80.1
10/6/2016,80.7
10/7/2016,78.2
10/8/2016,69.9
10/9/2016,68.7
10/10/2016,63
10/11/2016,65.7
10/12/2016,72
10/13/2016,76.4
10/14/2016,74.9
10/15/2016,77.4
10/16/2016,80.5
10/17/2016,79.9
10/18/2016,80.5
10/19/2016,77.7
10/20/2016,76.5
10/21/2016,66.2
10/22/2016,59.3
10/23/2016,62.4
10/24/2016,73.6
10/25/2016,70.7
10/26/2016,71.1
10/27/2016,71.3
10/28/2016,69
10/29/2016,71.1
10/30/2016,70.2
10/31/2016,65.6
11/1/2016,76.9
11/2/2016,78.8
11/3/2016,76
11/4/2016,70.6
11/5/2016,71.2
11/6/2016,65.8
11/7/2016,66
11/8/2016,68
11/9/2016,64.2
11/10/2016,63.5
11/11/2016,60.4
11/12/2016,62.6
11/13/2016,63.9
11/14/2016,65.2
11/15/2016,66.9
11/16/2016,64.9
11/17/2016,68.8
11/18/2016,72.1
11/19/2016,54.5
11/20/2016,46.8
11/21/2016,53
11/22/2016,68.1
11/23/2016,67.7
11/24/2016,56.4
11/25/2016,61.2
11/26/2016,59.6
11/27/2016,64.2
11/28/2016,74.2
11/29/2016,59.6
11/30/2016,57.6
12/1/2016,47.9
12/2/2016,54.7
12/3/2016,52
12/4/2016,51.8
12/5/2016,50.5
12/6/2016,50.8
12/7/2016,45.2
12/8/2016,47.4
12/9/2016,38.8
12/10/2016,42.2
12/11/2016,55.4
12/12/2016,55.5
12/13/2016,61.3
12/14/2016,51.4
12/15/2016,51.1
12/16/2016,55.2
12/17/2016,67.3
12/18/2016,36.8
12/19/2016,32
12/20/2016,42.9
12/21/2016,54
12/22/2016,56.4
12/23/2016,59.2
12/24/2016,70.8
12/25/2016,73.8
12/26/2016,75.4
12/27/2016,70.5
12/28/2016,70.2
12/29/2016,64.7
12/30/2016,51
12/31/2016,58.7
1/1/2017,61.6
1/2/2017,62.9
1/3/2017,58.5
1/4/2017,46
1/5/2017,49.4
1/6/2017,34.6
1/7/2017,28.8
1/8/2017,31.1
1/9/2017,51.5
1/10/2017,65.9
1/11/2017,66.7
1/12/2017,72.1
1/13/2017,73.2
1/14/2017,55.4
1/15/2017,56.1
1/16/2017,65.8
1/17/2017,56.8
1/18/2017,51.3
1/19/2017,56.8
1/20/2017,61.2
1/21/2017,61.9
1/22/2017,65
1/23/2017,58
1/24/2017,61.2
1/25/2017,66.3
1/26/2017,48.1
1/27/2017,44.3
1/28/2017,50.9
1/29/2017,49.8
1/30/2017,55.3
1/31/2017,55.5
2/1/2017,59.3
2/2/2017,58.5
2/3/2017,50.4
2/4/2017,50.4
2/5/2017,58
2/6/2017,70.6
2/7/2017,74.9
2/8/2017,66
2/9/2017,62.7
2/10/2017,59.3
2/11/2017,73
2/12/2017,73.4
2/13/2017,69.6
2/14/2017,60.3
2/15/2017,53
2/16/2017,49.7
2/17/2017,57.7
2/18/2017,70.1
2/19/2017,73.9
2/20/2017,66
2/21/2017,64.4
2/22/2017,63
2/23/2017,65.3
2/24/2017,69.7
2/25/2017,54.7
2/26/2017,50.2
2/27/2017,71.4
2/28/2017,74.7
3/1/2017,70.7
3/2/2017,54.8
3/3/2017,51.3
3/4/2017,57.5
3/5/2017,63
3/6/2017,66.3
3/7/2017,69.6
3/8/2017,64.7
3/9/2017,71.5
3/10/2017,69.3
3/11/2017,65.6
3/12/2017,54.8
3/13/2017,54.5
3/14/2017,53.7
3/15/2017,57.2
3/16/2017,66.7
3/17/2017,71.4
3/18/2017,70.9
3/19/2017,72.7
3/20/2017,72.7
3/21/2017,71.4
3/22/2017,71.2
3/23/2017,73.5
3/24/2017,72.5
3/25/2017,67
3/26/2017,70.5
3/27/2017,75.3
3/28/2017,76.6
3/29/2017,72.4
3/30/2017,67.2
3/31/2017,66.7
4/1/2017,71.2
4/2/2017,71.5
4/3/2017,66.1
4/4/2017,69.9
4/5/2017,67.7
4/6/2017,54.4
4/7/2017,61.9
4/8/2017,67.4
4/9/2017,71.4
4/10/2017,74.4
4/11/2017,70.9
4/12/2017,67.4
4/13/2017,72.4
4/14/2017,69.9
4/15/2017,73.6
4/16/2017,75.7
4/17/2017,72.1
4/18/2017,69.1
4/19/2017,73.7
4/20/2017,76.1
4/21/2017,77.6
4/22/2017,69.9
4/23/2017,63.5
4/24/2017,62.5
4/25/2017,72
4/26/2017,81.4
4/27/2017,66.8
4/28/2017,79.4
4/29/2017,83.5
4/30/2017,66.1
5/1/2017,67.5
5/2/2017,73.1
5/3/2017,80.3
5/4/2017,70.3
5/5/2017,67.2
5/6/2017,68.6
5/7/2017,72.3
5/8/2017,73
5/9/2017,73.6
5/10/2017,75.9
5/11/2017,78.5
5/12/2017,75.8
5/13/2017,72.6
5/14/2017,74.5
5/15/2017,77
5/16/2017,77.5
5/17/2017,77.2
5/18/2017,81
5/19/2017,82.9
5/20/2017,76.3
5/21/2017,75.8
5/22/2017,67.2
5/23/2017,71.5
5/24/2017,69.5
5/25/2017,75
5/26/2017,82.2
5/27/2017,85.3
5/28/2017,83.6
5/29/2017,75.2
5/30/2017,78.4
5/31/2017,76.6
6/1/2017,74.8
6/2/2017,81.1
6/3/2017,82
6/4/2017,75.5
6/5/2017,77.1
6/6/2017,77.8
6/7/2017,80.7
6/8/2017,80.9
6/9/2017,81.1
6/10/2017,80.1
6/11/2017,81.7
6/12/2017,82.6
6/13/2017,84.4
6/14/2017,85.5
6/15/2017,85.5
6/16/2017,86.1
6/17/2017,87.1
6/18/2017,87.2
6/19/2017,83.2
6/20/2017,84.6
6/21/2017,85.3
6/22/2017,85.3
6/23/2017,88.8
6/24/2017,83.2
6/25/2017,80.6
6/26/2017,80.5
6/27/2017,80.1
6/28/2017,78.7
6/29/2017,83
6/30/2017,86.8
7/1/2017,87.1
7/2/2017,86.5
7/3/2017,86.1
7/4/2017,87.2
7/5/2017,86.2
7/6/2017,86.5
7/7/2017,82.6
7/8/2017,83.1
7/9/2017,86.6
7/10/2017,85.7
7/11/2017,86
7/12/2017,85.2
7/13/2017,85.1
7/14/2017,85.3
7/15/2017,86.5
7/16/2017,80.1
7/17/2017,84.7
7/18/2017,84
7/19/2017,86.5
7/20/2017,87.5
7/21/2017,88.2
7/22/2017,88.4
7/23/2017,87.8
7/24/2017,85.4
7/25/2017,86
7/26/2017,88.2
7/27/2017,85.5
7/28/2017,88.2
7/29/2017,89.8
7/30/2017,90.6
7/31/2017,88.2
8/1/2017,84.7
8/2/2017,84.9
8/3/2017,81.4
8/4/2017,84.3
8/5/2017,86.5
8/6/2017,88
8/7/2017,79.9
8/8/2017,78.2
8/9/2017,83.7
8/10/2017,85
8/11/2017,86.3
8/12/2017,87.3
8/13/2017,87.3
8/14/2017,87.2
8/15/2017,86.7
8/16/2017,88
8/17/2017,88.5
8/18/2017,87.5
8/19/2017,87.2
8/20/2017,87.5
8/21/2017,86.6
8/22/2017,85.5
8/23/2017,87.2
8/24/2017,82.4
8/25/2017,81.6
8/26/2017,77.5
8/27/2017,74.1
8/28/2017,74.7
8/29/2017,78.7
8/30/2017,80.2
8/31/2017,78.5
9/1/2017,79.2
9/2/2017,79.1
9/3/2017,79.1
9/4/2017,79.1
9/5/2017,80.6
9/6/2017,80.2
9/7/2017,69.4
9/8/2017,69.9
9/9/2017,73.3
9/10/2017,72.5
9/11/2017,72.1
9/12/2017,72.7
9/13/2017,74.8
9/14/2017,79.6
9/15/2017,80.2
9/16/2017,82.2
9/17/2017,80.5
9/18/2017,77.2
9/19/2017,83.6
9/20/2017,84.5
9/21/2017,84.8
9/22/2017,79.7
9/23/2017,78.5
9/24/2017,79.6
9/25/2017,78.5
9/26/2017,76.8
9/27/2017,77.7
9/28/2017,77.4
9/29/2017,74.3
9/30/2017,74.6
10/1/2017,72.8
10/2/2017,75.6
10/3/2017,78.8
10/4/2017,80.6
10/5/2017,77.7
10/6/2017,76.5
10/7/2017,76.6
10/8/2017,78.2
10/9/2017,80.4
10/10/2017,71.3
10/11/2017,66
10/12/2017,69.8
10/13/2017,75.6
10/14/2017,78.2
10/15/2017,74.1
10/16/2017,65.3
10/17/2017,57.6
10/18/2017,51
10/19/2017,64.5
10/20/2017,70.2
10/21/2017,77.2
10/22/2017,74.1
10/23/2017,61.1
10/24/2017,64.4
10/25/2017,59.4
10/26/2017,62.6
10/27/2017,59.7
10/28/2017,49.3
10/29/2017,50
10/30/2017,58.4
10/31/2017,56.8
11/1/2017,58.7
11/2/2017,72.8
11/3/2017,77
11/4/2017,75
11/5/2017,75.1
11/6/2017,75.7
11/7/2017,72.9
11/8/2017,55.1
11/9/2017,49.7
11/10/2017,55.2
11/11/2017,62.7
11/12/2017,68.6
11/13/2017,69.8
11/14/2017,67.3
11/15/2017,69.2
11/16/2017,69.9
11/17/2017,73.8
11/18/2017,73.7
11/19/2017,56.1
11/20/2017,48.6
11/21/2017,50.2
11/22/2017,59.9
11/23/2017,47.2
11/24/2017,52.5
11/25/2017,57
11/26/2017,61.7
11/27/2017,57.4
11/28/2017,60.4
11/29/2017,60.3
11/30/2017,54.4
12/1/2017,59
12/2/2017,59
12/3/2017,64
12/4/2017,72.6
12/5/2017,63.8
12/6/2017,45.2
12/7/2017,42.5
12/8/2017,35.6
12/9/2017,44
12/10/2017,46.2
12/11/2017,51.3
12/12/2017,54.7
12/13/2017,43.5
12/14/2017,49
12/15/2017,53.1
12/16/2017,44.2
12/17/2017,47.7
12/18/2017,51.7
12/19/2017,61.2
12/20/2017,61.3
12/21/2017,56.7
12/22/2017,65
12/23/2017,44.7
12/24/2017,42.1
12/25/2017,40.6
12/26/2017,48.5
12/27/2017,40.6
12/28/2017,40.4
12/29/2017,43.7
12/30/2017,51.7
12/31/2017,46.9
1/1/2018,28
1/2/2018,29.5
1/3/2018,30.5
1/4/2018,35.9
1/5/2018,48.6
1/6/2018,45.5
1/7/2018,58.8
1/8/2018,59.6
1/9/2018,47.9
1/10/2018,52.9
1/11/2018,60.9
1/12/2018,44.6
1/13/2018,38.5
1/14/2018,38
1/15/2018,45.1
1/16/2018,35.8
1/17/2018,26.4
1/18/2018,32
1/19/2018,43.6
1/20/2018,54.4
1/21/2018,62.8
1/22/2018,58.9
1/23/2018,46
1/24/2018,43.3
1/25/2018,42.2
1/26/2018,56.5
1/27/2018,64.2
1/28/2018,59.6
1/29/2018,50.3
1/30/2018,44.4
1/31/2018,51.5
2/1/2018,60.4
2/2/2018,53
2/3/2018,50.3
2/4/2018,51.3
2/5/2018,47
2/6/2018,50.6
2/7/2018,43
2/8/2018,42.5
2/9/2018,55.5
2/10/2018,56.4
2/11/2018,37.2
2/12/2018,34.9
2/13/2018,40.3
2/14/2018,50.6
2/15/2018,66.8
2/16/2018,66.9
2/17/2018,57.8
2/18/2018,55.2
2/19/2018,72.6
2/20/2018,72.1
2/21/2018,54.6
2/22/2018,40.5
2/23/2018,47.4
2/24/2018,67.8
2/25/2018,61.1
2/26/2018,54.8
2/27/2018,63.9
2/28/2018,72.4
3/1/2018,67.7
3/2/2018,57.6
3/3/2018,60.1
3/4/2018,68.1
3/5/2018,72.9
3/6/2018,65.8
3/7/2018,55.4
3/8/2018,53.8
3/9/2018,59.5
3/10/2018,72.1
3/11/2018,69.8
3/12/2018,56.5
3/13/2018,52
3/14/2018,52.2
3/15/2018,58.4
3/16/2018,71.1
3/17/2018,72.2
3/18/2018,72.4
3/19/2018,71.9
3/20/2018,62.5
3/21/2018,51.8
3/22/2018,63.3
3/23/2018,67.5
3/24/2018,72.9
3/25/2018,72.5
3/26/2018,74.6
3/27/2018,74.8
3/28/2018,63.9
3/29/2018,67.3
3/30/2018,65.6
3/31/2018,65.8
4/1/2018,71.4
4/2/2018,71.9
4/3/2018,74.3
4/4/2018,62.4
4/5/2018,64.2
4/6/2018,75.3
4/7/2018,56.9
4/8/2018,47
4/9/2018,58.2
4/10/2018,61.9
4/11/2018,60.8
4/12/2018,70.2
4/13/2018,75.4
4/14/2018,65.4
4/15/2018,56.5
4/16/2018,59.7
4/17/2018,68.8
4/18/2018,71.2
4/19/2018,64.1
4/20/2018,60
4/21/2018,62.9
4/22/2018,64.4
4/23/2018,64.9
4/24/2018,67.5
4/25/2018,68.3
4/26/2018,61
4/27/2018,64.4
4/28/2018,67.6
4/29/2018,68.5
4/30/2018,69.1
5/1/2018,73.3
5/2/2018,77.5
5/3/2018,79.2
5/4/2018,71.9
5/5/2018,70.3
5/6/2018,71.2
5/7/2018,71.9
5/8/2018,74.5
5/9/2018,74.2
5/10/2018,74.7
5/11/2018,78.6
5/12/2018,80.4
5/13/2018,80.3
5/14/2018,80.6
5/15/2018,82.2
5/16/2018,80.4
5/17/2018,81.8
5/18/2018,82.2
5/19/2018,82
5/20/2018,77.7
5/21/2018,74.2
5/22/2018,76.8
5/23/2018,77.3
5/24/2018,78.7
5/25/2018,82.2
5/26/2018,83.5
5/27/2018,84.4
5/28/2018,83.1
5/29/2018,85.2
5/30/2018,83.5
5/31/2018,84.4
6/1/2018,85.4
6/2/2018,86.7
6/3/2018,86.5
6/4/2018,82.6
6/5/2018,80.9
6/6/2018,87
6/7/2018,85.7
6/8/2018,84.4
6/9/2018,83.3
6/10/2018,84.6
6/11/2018,86.2
6/12/2018,86.4
6/13/2018,85.9
6/14/2018,84.7
6/15/2018,83.7
6/16/2018,82.5
6/17/2018,81.9
6/18/2018,82.3
6/19/2018,79.2
6/20/2018,77.6
6/21/2018,80.9
6/22/2018,85.3
6/23/2018,86.6
6/24/2018,86.6
6/25/2018,85
6/26/2018,86
6/27/2018,86
6/28/2018,86.2
6/29/2018,86.8
6/30/2018,87.2
7/1/2018,86.9
7/2/2018,86.5
7/3/2018,87.2
7/4/2018,83.4
7/5/2018,78.5
7/6/2018,84.3
7/7/2018,81.8
7/8/2018,80.4
7/9/2018,77.7
7/10/2018,79.1
7/11/2018,84.3
7/12/2018,84.4
7/13/2018,84.8
7/14/2018,85.3
7/15/2018,85.6
7/16/2018,85.3
7/17/2018,85.2
7/18/2018,87.3
7/19/2018,87.9
7/20/2018,88.3
7/21/2018,87.5
7/22/2018,89.4
7/23/2018,90.7
7/24/2018,92.3
7/25/2018,87.9
7/26/2018,86.8
7/27/2018,86.8
7/28/2018,85.8
7/29/2018,88.2
7/30/2018,88.9
7/31/2018,86.8
8/1/2018,84.1
8/2/2018,81.3
8/3/2018,84.5
8/4/2018,83.5
8/5/2018,84.7
8/6/2018,83.5
8/7/2018,84.7
8/8/2018,87.3
8/9/2018,85.7
8/10/2018,86
8/11/2018,84.7
8/12/2018,79.6
8/13/2018,84.1
8/14/2018,84.8
8/15/2018,86.2
8/16/2018,88.3
8/17/2018,87.3
8/18/2018,88.4
8/19/2018,88.2
8/20/2018,88.6
8/21/2018,89
8/22/2018,89
8/23/2018,89.2
8/24/2018,88.6
8/25/2018,87.9
8/26/2018,87.7
8/27/2018,88
8/28/2018,91
8/29/2018,87.6
8/30/2018,84.5
8/31/2018,84.4
9/1/2018,85.3
9/2/2018,86.4
9/3/2018,81.6
9/4/2018,80.4
9/5/2018,82
9/6/2018,82
9/7/2018,80
9/8/2018,80.6
9/9/2018,76.5
9/10/2018,74.9
9/11/2018,76
9/12/2018,78.7
9/13/2018,79.7
9/14/2018,78.2
9/15/2018,78.2
9/16/2018,78
9/17/2018,79.7
9/18/2018,82.4
9/19/2018,80.6
9/20/2018,79.5
9/21/2018,81.1
9/22/2018,77.6
9/23/2018,72.5
9/24/2018,77.1
9/25/2018,77.8
9/26/2018,81.2
9/27/2018,71.2
9/28/2018,70.4
9/29/2018,76.5
9/30/2018,74.9
10/1/2018,75
10/2/2018,77.6
10/3/2018,80.5
10/4/2018,80.4
10/5/2018,81.4
10/6/2018,80.2
10/7/2018,78.9
10/8/2018,77.3
10/9/2018,75.7
10/10/2018,71.3
10/11/2018,67
10/12/2018,71.7
10/13/2018,80.2
10/14/2018,78.1
10/15/2018,58.6
10/16/2018,48.8
10/17/2018,54.4
10/18/2018,56.8
10/19/2018,62.4
10/20/2018,64.8
10/21/2018,64.6
10/22/2018,59.5
10/23/2018,58.9
10/24/2018,60.4
10/25/2018,61.8
10/26/2018,61.7
10/27/2018,65.8
10/28/2018,68.2
10/29/2018,66.9
10/30/2018,73.6
10/31/2018,74.3
11/1/2018,61.6
11/2/2018,57.3
11/3/2018,62.3
11/4/2018,66
11/5/2018,63.8
11/6/2018,63.3
11/7/2018,75.7
11/8/2018,63.5
11/9/2018,56.5
11/10/2018,51.4
11/11/2018,50.5
11/12/2018,49.9
11/13/2018,40.6
11/14/2018,40
11/15/2018,43.6
11/16/2018,49.2
11/17/2018,52.1
11/18/2018,56.5
11/19/2018,47.8
11/20/2018,51.7
11/21/2018,45
11/22/2018,53.9
11/23/2018,62.1
11/24/2018,56.9
11/25/2018,64
11/26/2018,51.1
11/27/2018,44.1
11/28/2018,55.1
11/29/2018,61
11/30/2018,69.7
12/1/2018,69.3
12/2/2018,56.3
12/3/2018,55.1
12/4/2018,47.8
12/5/2018,48
12/6/2018,53
12/7/2018,53.7
12/8/2018,47.1
12/9/2018,45
12/10/2018,45.1
12/11/2018,43.3
12/12/2018,55.2
12/13/2018,62.9
12/14/2018,48.1
12/15/2018,54.8
12/16/2018,46.1
12/17/2018,54.8
12/18/2018,46.7
12/19/2018,58.1
12/20/2018,56.8
12/21/2018,53.8
12/22/2018,54.4
12/23/2018,54.2
12/24/2018,46.1
12/25/2018,63.2
12/26/2018,67.3
12/27/2018,62.9
12/28/2018,48.8
12/29/2018,45.4
12/30/2018,41.9
12/31/2018,46.8
1/1/2019,43.3
1/2/2019,39.4
1/3/2019,41.2
1/4/2019,44.1
1/5/2019,48.6
1/6/2019,48.8
1/7/2019,67.5
1/8/2019,63.8
1/9/2019,57.6
1/10/2019,49.7
1/11/2019,52.7
1/12/2019,57.5
1/13/2019,45.8
1/14/2019,44
1/15/2019,48.6
1/16/2019,50.5
1/17/2019,62.1
1/18/2019,57.3
1/19/2019,57.7
1/20/2019,42.3
1/21/2019,44.2
1/22/2019,61.5
1/23/2019,48.1
1/24/2019,42.3
1/25/2019,47
1/26/2019,51.6
1/27/2019,55.7
1/28/2019,52.4
1/29/2019,47.7
1/30/2019,45.2
1/31/2019,50
2/1/2019,60.1
2/2/2019,62.3
2/3/2019,65.9
2/4/2019,69.4
2/5/2019,70.8
2/6/2019,71.8
2/7/2019,68
2/8/2019,38.8
2/9/2019,36.9
2/10/2019,41.2
2/11/2019,53.5
2/12/2019,59.4
2/13/2019,45.9
2/14/2019,59.8
2/15/2019,65.3
2/16/2019,55
2/17/2019,55.4
2/18/2019,51.6
2/19/2019,45.2
2/20/2019,47.9
2/21/2019,50.9
2/22/2019,53.1
2/23/2019,61.6
2/24/2019,54.9
2/25/2019,50.9
2/26/2019,58.2
2/27/2019,60.8
2/28/2019,49.7
3/1/2019,46.2
3/2/2019,51.6
3/3/2019,46.4
3/4/2019,35.1
3/5/2019,35.8
3/6/2019,40.5
3/7/2019,58.2
3/8/2019,69.7
3/9/2019,75.5
3/10/2019,66
3/11/2019,64
3/12/2019,64.9
3/13/2019,70.9
3/14/2019,71.4
3/15/2019,56.9
3/16/2019,52.1
3/17/2019,54.4
3/18/2019,53.8
3/19/2019,56.1
3/20/2019,59.1
3/21/2019,62.4
3/22/2019,59.8
3/23/2019,67.6
3/24/2019,70.6
3/25/2019,73.3
3/26/2019,64.6
3/27/2019,57.2
3/28/2019,64.4
3/29/2019,68.6
3/30/2019,67
3/31/2019,51.6
4/1/2019,48.3
4/2/2019,52
4/3/2019,61.4
4/4/2019,73.4
4/5/2019,70.3
4/6/2019,71.5
4/7/2019,68.1
4/8/2019,71.5
4/9/2019,64.2
4/10/2019,73
4/11/2019,72.7
4/12/2019,64.8
4/13/2019,68.4
4/14/2019,57.4
4/15/2019,63
4/16/2019,70.7
4/17/2019,74.8
4/18/2019,69.6
4/19/2019,66.4
4/20/2019,62.3
4/21/2019,68.7
4/22/2019,73.4
4/23/2019,70.9
4/24/2019,67.5
4/25/2019,67.9
4/26/2019,70.7
4/27/2019,69.6
4/28/2019,73.3
4/29/2019,75.3
4/30/2019,78.6
5/1/2019,79.4
5/2/2019,74.7
5/3/2019,69.9
5/4/2019,69.8
5/5/2019,72.5
5/6/2019,72.4
5/7/2019,71
5/8/2019,73.2
5/9/2019,78.5
5/10/2019,63.9
5/11/2019,62.7
5/12/2019,68.9
5/13/2019,69.2
5/14/2019,73
5/15/2019,75.2
5/16/2019,75.5
5/17/2019,80.9
5/18/2019,81
5/19/2019,79.6
5/20/2019,83.8
5/21/2019,80.3
5/22/2019,82.2
5/23/2019,84.9
5/24/2019,84
5/25/2019,82.6
5/26/2019,82.4
5/27/2019,80.7
5/28/2019,81.7
5/29/2019,84.3
5/30/2019,79.3
5/31/2019,80.4
6/1/2019,82.7
6/2/2019,83.5
6/3/2019,83.2
6/4/2019,80.9
6/5/2019,80.1
6/6/2019,78.7
6/7/2019,81.4
6/8/2019,83.4
6/9/2019,84.3
6/10/2019,81
6/11/2019,76.3
6/12/2019,75.5
6/13/2019,79.7
6/14/2019,80
6/15/2019,84.2
6/16/2019,85.7
6/17/2019,79.4
6/18/2019,78
6/19/2019,86.1
6/20/2019,87.1
6/21/2019,86.8
6/22/2019,84.8
6/23/2019,86.2
6/24/2019,78.6
6/25/2019,77.8
6/26/2019,78.8
6/27/2019,82.3
6/28/2019,80
6/29/2019,82.6
6/30/2019,77.7
7/1/2019,81.1
7/2/2019,82
7/3/2019,80.5
7/4/2019,82.1
7/5/2019,85.2
7/6/2019,84.3
7/7/2019,85.4
7/8/2019,85.4
7/9/2019,83.2
7/10/2019,86.8
7/11/2019,85.2
7/12/2019,85.8
7/13/2019,84.2
7/14/2019,86.3
7/15/2019,84.9
7/16/2019,84.4
7/17/2019,86.2
7/18/2019,85.9
7/19/2019,86.1
7/20/2019,86.5
7/21/2019,85.1
7/22/2019,86.1
7/23/2019,84.6
7/24/2019,80
7/25/2019,74.7
7/26/2019,76.6
7/27/2019,79
7/28/2019,83.7
7/29/2019,83.3
7/30/2019,85.5
7/31/2019,85.8
8/1/2019,84.3
8/2/2019,84.7
8/3/2019,84.2
8/4/2019,82.3
8/5/2019,83.7
8/6/2019,85.5
8/7/2019,85.7
8/8/2019,87.2
8/9/2019,87.7
8/10/2019,86.8
8/11/2019,86
8/12/2019,87.9
8/13/2019,87.6
8/14/2019,88.1
8/15/2019,85.3
8/16/2019,89
8/17/2019,89.2
8/18/2019,88.9
8/19/2019,88.8
8/20/2019,88.7
8/21/2019,86.7
8/22/2019,87.1
8/23/2019,86.9
8/24/2019,84.1
8/25/2019,84.5
8/26/2019,86.4
8/27/2019,87.2
8/28/2019,86
8/29/2019,86.9
8/30/2019,86.1
8/31/2019,84.1
9/1/2019,84.9
9/2/2019,84.5
9/3/2019,84.6
9/4/2019,85.8
9/5/2019,85.5
9/6/2019,87.5
9/7/2019,87.4
9/8/2019,85.7
9/9/2019,85.1
9/10/2019,82
9/11/2019,79
9/12/2019,81.7
9/13/2019,83.3
9/14/2019,83.9
9/15/2019,83.6
9/16/2019,84.8
9/17/2019,82.2
9/18/2019,83.7
9/19/2019,84.9
9/20/2019,84.2
9/21/2019,85.1
9/22/2019,84.1
9/23/2019,85.6
9/24/2019,83.7
9/25/2019,83.3
9/26/2019,83.9
9/27/2019,82.7
9/28/2019,84.5
9/29/2019,85.6
9/30/2019,84.8
10/1/2019,84.8
10/2/2019,82.8
10/3/2019,82.9
10/4/2019,81.6
10/5/2019,81
10/6/2019,80.7
10/7/2019,78
10/8/2019,70.3
10/9/2019,75.1
10/10/2019,84.8
10/11/2019,65.7
10/12/2019,58.9
10/13/2019,64.3
10/14/2019,75.5
10/15/2019,83.5
10/16/2019,70.8
10/17/2019,62.5
10/18/2019,61.9
10/19/2019,74.7
10/20/2019,76.4
10/21/2019,76.3
10/22/2019,62.9
10/23/2019,63.6
10/24/2019,73.6
10/25/2019,53.6
10/26/2019,56.5
10/27/2019,57.3
10/28/2019,64.4
10/29/2019,60.1
10/30/2019,49.2
10/31/2019,44.7
11/1/2019,42.3
11/2/2019,49.8
11/3/2019,52.2
11/4/2019,63
11/5/2019,63.6
11/6/2019,74.6
11/7/2019,64.6
11/8/2019,46.5
11/9/2019,50.8
11/10/2019,58.1
11/11/2019,64
11/12/2019,36.3
11/13/2019,34.5
11/14/2019,42.1
11/15/2019,43.5
11/16/2019,45.7
11/17/2019,51.3
11/18/2019,54.4
11/19/2019,#N/A
11/20/2019,#N/A
11/21/2019,#N/A
11/22/2019,#N/A
11/23/2019,#N/A
11/24/2019,#N/A
11/25/2019,#N/A
11/26/2019,#N/A
11/27/2019,#N/A
11/28/2019,#N/A
11/29/2019,#N/A
11/30/2019,#N/A
12/1/2019,#N/A
12/2/2019,#N/A
12/3/2019,#N/A
12/4/2019,#N/A
12/5/2019,#N/A
12/6/2019,#N/A
12/7/2019,#N/A
12/8/2019,#N/A
12/9/2019,#N/A
12/10/2019,#N/A
12/11/2019,#N/A
12/12/2019,#N/A
12/13/2019,#N/A
12/14/2019,#N/A
12/15/2019,#N/A
12/16/2019,#N/A
12/17/2019,#N/A
12/18/2019,#N/A
12/19/2019,#N/A
12/20/2019,#N/A
12/21/2019,#N/A
12/22/2019,#N/A
12/23/2019,#N/A
12/24/2019,#N/A
12/25/2019,#N/A
12/26/2019,#N/A
12/27/2019,#N/A
12/28/2019,#N/A
12/29/2019,#N/A
12/30/2019,#N/A
12/31/2019,#N/A
1/1/2020,#N/A
1/2/2020,#N/A
1/3/2020,#N/A
1/4/2020,#N/A
1/5/2020,#N/A
1/6/2020,#N/A
1/7/2020,#N/A
1/8/2020,#N/A
1/9/2020,#N/A
1/10/2020,#N/A
1/11/2020,#N/A
1/12/2020,#N/A
1/13/2020,#N/A
1/14/2020,#N/A
1/15/2020,#N/A
1/16/2020,#N/A
1/17/2020,#N/A
1/18/2020,#N/A
1/19/2020,#N/A
1/20/2020,#N/A
1/21/2020,#N/A
1/22/2020,#N/A
1/23/2020,#N/A
1/24/2020,#N/A
1/25/2020,#N/A
1/26/2020,#N/A
1/27/2020,#N/A
1/28/2020,#N/A
1/29/2020,#N/A
1/30/2020,#N/A
1/31/2020,#N/A
2/1/2020,#N/A
2/2/2020,#N/A
2/3/2020,#N/A
2/4/2020,#N/A
2/5/2020,#N/A
2/6/2020,#N/A
2/7/2020,#N/A
2/8/2020,#N/A
2/9/2020,#N/A
2/10/2020,#N/A
2/11/2020,#N/A
2/12/2020,#N/A
2/13/2020,#N/A
2/14/2020,#N/A
2/15/2020,#N/A
2/16/2020,#N/A
2/17/2020,#N/A
2/18/2020,#N/A
2/19/2020,#N/A
2/20/2020,#N/A
2/21/2020,#N/A
2/22/2020,#N/A
2/23/2020,#N/A
2/24/2020,#N/A
2/25/2020,#N/A
2/26/2020,#N/A
2/27/2020,#N/A
2/28/2020,#N/A
2/29/2020,#N/A
3/1/2020,#N/A
3/2/2020,#N/A
3/3/2020,#N/A
3/4/2020,#N/A
3/5/2020,#N/A
3/6/2020,#N/A
3/7/2020,#N/A
3/8/2020,#N/A
3/9/2020,#N/A
3/10/2020,#N/A
3/11/2020,#N/A
3/12/2020,#N/A
3/13/2020,#N/A
3/14/2020,#N/A
3/15/2020,#N/A
3/16/2020,#N/A
3/17/2020,#N/A
3/18/2020,#N/A
3/19/2020,#N/A
3/20/2020,#N/A
3/21/2020,#N/A
3/22/2020,#N/A
3/23/2020,#N/A
3/24/2020,#N/A
3/25/2020,#N/A
3/26/2020,#N/A
3/27/2020,#N/A
3/28/2020,#N/A
3/29/2020,#N/A
3/30/2020,#N/A
3/31/2020,#N/A
4/1/2020,#N/A
4/2/2020,#N/A
4/3/2020,#N/A
4/4/2020,#N/A
4/5/2020,#N/A
4/6/2020,#N/A
4/7/2020,#N/A
4/8/2020,#N/A
4/9/2020,#N/A
4/10/2020,#N/A
4/11/2020,#N/A
4/12/2020,#N/A
4/13/2020,#N/A
4/14/2020,#N/A
4/15/2020,#N/A
4/16/2020,#N/A
4/17/2020,#N/A
4/18/2020,#N/A
4/19/2020,#N/A
4/20/2020,#N/A
4/21/2020,#N/A
4/22/2020,#N/A
4/23/2020,#N/A
4/24/2020,#N/A
4/25/2020,#N/A
4/26/2020,#N/A
4/27/2020,#N/A
4/28/2020,#N/A
4/29/2020,#N/A
4/30/2020,#N/A
5/1/2020,#N/A
5/2/2020,#N/A
5/3/2020,#N/A
5/4/2020,#N/A
5/5/2020,#N/A
5/6/2020,#N/A
5/7/2020,#N/A
5/8/2020,#N/A
5/9/2020,#N/A
5/10/2020,#N/A
5/11/2020,#N/A
5/12/2020,#N/A
5/13/2020,#N/A
5/14/2020,#N/A
5/15/2020,#N/A
5/16/2020,#N/A
5/17/2020,#N/A
5/18/2020,#N/A
5/19/2020,#N/A
5/20/2020,#N/A
5/21/2020,#N/A
5/22/2020,#N/A
5/23/2020,#N/A
5/24/2020,#N/A
5/25/2020,#N/A
5/26/2020,#N/A
5/27/2020,#N/A
5/28/2020,#N/A
5/29/2020,#N/A
5/30/2020,#N/A
5/31/2020,#N/A
6/1/2020,#N/A
6/2/2020,#N/A
6/3/2020,#N/A
6/4/2020,#N/A
6/5/2020,#N/A
6/6/2020,#N/A
6/7/2020,#N/A
6/8/2020,#N/A
6/9/2020,#N/A
6/10/2020,#N/A
6/11/2020,#N/A
6/12/2020,#N/A
6/13/2020,#N/A
6/14/2020,#N/A
6/15/2020,#N/A
6/16/2020,#N/A
6/17/2020,#N/A
6/18/2020,#N/A
6/19/2020,#N/A
6/20/2020,#N/A
6/21/2020,#N/A
6/22/2020,#N/A
6/23/2020,#N/A
6/24/2020,#N/A
6/25/2020,#N/A
6/26/2020,#N/A
6/27/2020,#N/A
6/28/2020,#N/A
6/29/2020,#N/A
6/30/2020,#N/A
7/1/2020,#N/A
7/2/2020,#N/A
7/3/2020,#N/A
7/4/2020,#N/A
7/5/2020,#N/A
7/6/2020,#N/A
7/7/2020,#N/A
7/8/2020,#N/A
7/9/2020,#N/A
7/10/2020,#N/A
7/11/2020,#N/A
7/12/2020,#N/A
7/13/2020,#N/A
7/14/2020,#N/A
7/15/2020,#N/A
7/16/2020,#N/A
7/17/2020,#N/A
7/18/2020,#N/A
7/19/2020,#N/A
7/20/2020,#N/A
7/21/2020,#N/A
7/22/2020,#N/A
7/23/2020,#N/A
7/24/2020,#N/A
7/25/2020,#N/A
7/26/2020,#N/A
7/27/2020,#N/A
7/28/2020,#N/A
7/29/2020,#N/A
7/30/2020,#N/A
7/31/2020,#N/A
8/1/2020,#N/A
8/2/2020,#N/A
8/3/2020,#N/A
8/4/2020,#N/A
8/5/2020,#N/A
8/6/2020,#N/A
8/7/2020,#N/A
8/8/2020,#N/A
8/9/2020,#N/A
8/10/2020,#N/A
8/11/2020,#N/A
8/12/2020,#N/A
8/13/2020,#N/A
8/14/2020,#N/A
8/15/2020,#N/A
8/16/2020,#N/A
8/17/2020,#N/A
8/18/2020,#N/A
8/19/2020,#N/A
8/20/2020,#N/A
8/21/2020,#N/A
8/22/2020,#N/A
8/23/2020,#N/A
8/24/2020,#N/A
8/25/2020,#N/A
8/26/2020,#N/A
8/27/2020,#N/A
8/28/2020,#N/A
8/29/2020,#N/A
8/30/2020,#N/A
8/31/2020,#N/A
9/1/2020,#N/A
9/2/2020,#N/A
9/3/2020,#N/A
9/4/2020,#N/A
9/5/2020,#N/A
9/6/2020,#N/A
9/7/2020,#N/A
9/8/2020,#N/A
9/9/2020,#N/A
9/10/2020,#N/A
9/11/2020,#N/A
9/12/2020,#N/A
9/13/2020,#N/A
9/14/2020,#N/A
9/15/2020,#N/A
9/16/2020,#N/A
9/17/2020,#N/A
9/18/2020,#N/A
9/19/2020,#N/A
9/20/2020,#N/A
9/21/2020,#N/A
9/22/2020,#N/A
9/23/2020,#N/A
9/24/2020,#N/A
9/25/2020,#N/A
9/26/2020,#N/A
9/27/2020,#N/A
9/28/2020,#N/A
9/29/2020,#N/A
9/30/2020,#N/A
10/1/2020,#N/A
10/2/2020,#N/A
10/3/2020,#N/A
10/4/2020,#N/A
10/5/2020,#N/A
10/6/2020,#N/A
10/7/2020,#N/A
10/8/2020,#N/A
10/9/2020,#N/A
10/10/2020,#N/A
10/11/2020,#N/A
10/12/2020,#N/A
10/13/2020,#N/A
10/14/2020,#N/A
10/15/2020,#N/A
10/16/2020,#N/A
10/17/2020,#N/A
10/18/2020,#N/A
10/19/2020,#N/A
10/20/2020,#N/A
10/21/2020,#N/A
10/22/2020,#N/A
10/23/2020,#N/A
10/24/2020,#N/A
10/25/2020,#N/A
10/26/2020,#N/A
10/27/2020,#N/A
10/28/2020,#N/A
10/29/2020,#N/A
10/30/2020,#N/A
10/31/2020,#N/A
11/1/2020,#N/A
11/2/2020,#N/A
11/3/2020,#N/A
11/4/2020,#N/A
11/5/2020,#N/A
11/6/2020,#N/A
11/7/2020,#N/A
11/8/2020,#N/A
11/9/2020,#N/A
11/10/2020,#N/A
11/11/2020,#N/A
11/12/2020,#N/A
11/13/2020,#N/A
11/14/2020,#N/A
11/15/2020,#N/A
11/16/2020,#N/A
11/17/2020,#N/A
11/18/2020,#N/A
11/19/2020,#N/A
11/20/2020,#N/A
11/21/2020,#N/A
11/22/2020,#N/A
11/23/2020,#N/A
11/24/2020,#N/A
11/25/2020,#N/A
11/26/2020,#N/A
11/27/2020,#N/A
11/28/2020,#N/A
11/29/2020,#N/A
11/30/2020,#N/A
12/1/2020,#N/A
12/2/2020,#N/A
12/3/2020,#N/A
12/4/2020,#N/A
12/5/2020,#N/A
12/6/2020,#N/A
12/7/2020,#N/A
12/8/2020,#N/A
12/9/2020,#N/A
12/10/2020,#N/A
12/11/2020,#N/A
12/12/2020,#N/A
12/13/2020,#N/A
12/14/2020,#N/A
12/15/2020,#N/A
12/16/2020,#N/A
12/17/2020,#N/A
12/18/2020,#N/A
12/19/2020,#N/A
12/20/2020,#N/A
12/21/2020,#N/A
12/22/2020,#N/A
12/23/2020,#N/A
12/24/2020,#N/A
12/25/2020,#N/A
12/26/2020,#N/A
12/27/2020,#N/A
12/28/2020,#N/A
12/29/2020,#N/A
12/30/2020,#N/A
12/31/2020,#N/A
